x1,x2,x3,x4,x5,x6,y
-1.0,-0.764483671262533,-0.434052161032222,-0.4229143732780457,1.0,1.0,4.451079316881069
0.7345481757254444,-0.6192248355431432,-0.5731914644322536,-0.6939018988252486,-1.0,-1.0,6.2850150187525875
0.1682712148409868,0.5060412608405399,-0.2718674950228598,-0.5862384200863046,1.0,0.9510414680894286,4.848944899171271
1.0,0.7987856788816676,1.0,0.3373602371644302,0.711698642649345,-0.8975575375391229,-1.9485266493440534
-0.17632439166028768,-1.0,0.4817072430382596,0.3835616326168456,1.0,-0.011374192706391895,1.9277463152267007
0.5418070599897051,0.6236880130567799,1.0,0.8692352779869925,0.20259235599734965,0.8240406422692774,-3.6565654823124856
0.07853505626640912,1.0,-0.3366597633173687,0.4441536041250285,-1.0,0.29259093962208405,2.4887651469990413
-0.8220871053016816,0.6672268881078194,-0.41519026824088057,0.3969105104171874,0.5522035343498436,-0.774530536829916,2.6442189853558165
-1.0,-1.0,-1.0,-1.0,-0.18670824088830829,0.28321367574170836,-6.684024063451615
-0.47789197917166537,-1.0,-0.24079285558461405,0.14887484396394907,0.4231326302895135,-0.2190679031387484,0.1606948691052547
-0.6369670057494432,0.14262572486536135,-1.0,0.3624198407138549,-0.42837001187105594,0.19701666026055042,-0.36883973950879373
-1.0,-0.39723122179039394,-1.0,-1.0,1.0,0.30176251583405556,-1.7360837853446314
1.0,0.868212621820028,0.8384432577855818,0.8372446025192787,-1.0,-0.8989049198545275,7.566986208547481
-1.0,-1.0,-0.9058308769078878,-1.0,-1.0,-0.32132263610764134,0.1753985894789536
-1.0,0.16177026262174343,-0.9029727135915028,-1.0,-0.6761107328397854,-0.7629123465316427,0.22137645624229335
-0.22270736555011728,-0.9653782094762715,-0.8422823633260497,-0.6913298573182969,-0.8042277671077153,-1.0,2.6109208944476108
-0.7073667621516615,-1.0,1.0,-0.826021225517459,-1.0,-0.023182576921187525,2.528134457016993
1.0,0.12673798071834064,-0.08509069201046565,0.5658636092852654,1.0,1.0,0.5843993440177977
-1.0,-0.5824727068860911,-1.0,-0.49106197735724955,1.0,0.6210909544193235,-0.8877281593947104
-0.28630733477487025,-0.5064405096906197,0.2363951984014756,-1.0,0.740179396992217,0.1035372199763741,0.8992286717098064
-0.4730457875514999,-0.29135108843964475,-1.0,0.6150546841249959,-0.011080163023130835,-0.26413830399671,-1.1409066931219671
-0.7236225898382351,-1.0,-0.2783491707246888,-1.0,-0.3319588229734891,-1.0,4.246200632210274
-0.0727853014900296,0.369473658430578,1.0,0.7212878975382605,1.0,0.38134185321038694,-2.4415967548060014
-1.0,-0.6535908627357854,-1.0,-1.0,-1.0,-0.22547684448580352,-1.415942369827957
-0.23929393137136756,-0.510842133565089,-1.0,0.8355865426378696,-1.0,0.15012172775714505,-1.3257365219191732
-1.0,-0.3994924495344264,-1.0,-0.07725240727076649,0.02594221544391917,0.6586954312316982,1.925488437974523
0.03768977973210608,0.7673540464639426,0.8292763703906036,0.118499631116149,-0.21666947143680482,0.3852184560847236,-0.240378639369342
-0.5301664587115663,0.5803402936872629,0.43203868420579156,0.8240023357269339,-1.0,-0.061442099896036106,-1.2554568829066624
-0.3621566244846473,0.6848138663119853,0.363164698031882,-0.6742537631973612,0.770475906542236,1.0,3.366122687921374
-1.0,-0.8424961054742112,-0.8114239775723784,0.045708162154414644,0.28041089757827325,-0.7258304093482429,1.6649178058225456
0.2534528115848291,0.4235256679867678,1.0,1.0,0.790024856864884,0.07246543206620892,-2.610584095958511
0.8598564905350734,1.0,0.05745736419525384,1.0,-1.0,0.2965682163818625,5.421383960174977
-0.8306697965901366,0.027072312930504272,-0.9460940567232319,-0.6351767073219047,-1.0,-0.45425039148316193,-2.7614036870900485
-0.015040945820864238,1.0,0.4148037429877789,-0.6710757802078686,0.6753122048411688,-1.0,-0.45760851507275613
0.9463135843899341,0.8167574562578941,-0.6911640707197979,1.0,-0.8236502870945024,-0.22982310706476938,5.372239951972844
0.6935104582672782,1.0,1.0,1.0,0.4981991615823884,-0.212725223127185,-5.090746837396604
-0.5070055292058135,0.6779678003998767,1.0,-0.03664979222252662,0.7188802365003331,0.17779244790047052,-0.964409791632186
-0.5582857318406895,-0.7372634446255474,-0.2336744768531187,-1.0,-0.7516146039245104,-0.47155440350216726,1.4786211265402147
0.17701662482991484,-0.1727047696515353,1.0,-0.2909809043840269,-0.38158456873244023,0.3980505460503744,-0.6726931259517682
0.39218625713777916,-1.0,-1.0,-0.7316258332304107,-0.6969618214684417,-1.0,4.39011355298043
0.0015113652919311882,0.7290015975450579,0.3888922650000454,1.0,-0.3258940975852458,0.7231533667851597,-0.7039159015674362
1.0,0.47933540573602307,-0.10914264533683471,0.4545576819846979,-0.3003303164912844,1.0,3.8736902916499285
0.6446656777527318,0.8078937991894763,0.4887474689916096,0.9720682974563513,-1.0,-0.16301686273159344,3.2885042876645842
-0.27825729270257105,-0.45332267978145235,-0.8602629204919321,-1.0,-1.0,-1.0,2.556235464524855
1.0,0.13083072490659342,0.24998587326368216,0.63912302946099,0.0857582597013041,0.3129483603611922,-0.04706134632933717
-0.6984224739241548,-0.6086099860471611,1.0,-0.07937664608857209,-0.5409174352165402,-0.7389780812884832,0.9562319439459687
-1.0,-0.34118878415865317,-0.7512447439166018,-0.5325402058616009,-0.12568479725454562,0.9778455137170772,3.575999180570088
-0.0861116319156322,-1.0,-0.17892945626200785,-1.0,0.37755282220952213,0.9202197724578042,-1.0069191726092765
1.0,1.0,0.5071402291344971,0.7254321688138572,-1.0,-0.615368706735328,5.37791830906118
-0.9103107003230557,-0.5235974261920819,-1.0,-1.0,0.8948143138258323,0.010017765613120622,-2.3793163411665086
0.5693104288087109,-1.0,0.5339365897535265,-1.0,-1.0,-0.48166498284478365,12.230909038845065
0.359052656866487,-0.29382489576648263,-0.16313077951462995,-0.7852156395546901,-0.8662881019782482,-0.7683366453905995,2.4481775578335547
-0.46530278006140113,-1.0,0.3036715132395213,-0.4829005464006877,0.5038006857279589,0.4510336405089095,1.3778470186413536
0.3686381194800521,0.726210935291873,0.7517395077028406,-0.2697701626429373,1.0,1.0,0.7461862524763174
-0.1379650358944977,0.7417508938465316,1.0,1.0,0.47431089605692756,1.0,-3.7519244874672646
-0.1108633995816396,-1.0,-0.17979024374575936,-0.588577970408908,1.0,0.22440113737030334,-0.6847602382764607
0.6927795452916673,1.0,0.14676154129927177,1.0,0.9935349154905905,1.0,0.8173979092297889
-0.1964400595006225,0.5672285555115949,-1.0,-1.0,-0.42148807538911814,0.46283063926335816,1.7494284736576828
0.19926842648690635,-0.3751975820747794,0.5589605407278875,0.4344088197416651,0.40301049368741526,1.0,0.5189869287382565
1.0,0.061848559720283386,-1.0,-0.020345886804490232,0.3991939674884696,1.0,3.099196147402904
-1.0,0.011494133824644093,0.8199152834695884,-0.5023270257548671,0.5306672243454111,1.0,0.13279006032799934
1.0,0.10239520450571171,1.0,1.0,1.0,-0.3783596218809917,-4.304956786632504
1.0,1.0,1.0,1.0,-0.7939943559186435,0.51265521672915,0.6349500738688963
-0.5923581106936884,-1.0,-0.31286122406269923,-0.5124718519397473,-1.0,-0.5149592310211328,1.3404575882071517
-1.0,-1.0,-0.2187377356107354,-0.7643330352639139,-0.13882298928406667,0.7617382584255831,-3.938565647942258
0.7684323144727372,0.8351555489197344,0.9526883462203153,-0.6387147356862765,-1.0,-1.0,2.227744066023615
0.47936636894304696,-0.009518000458869302,-0.8664660849720223,-0.8567153031163139,-0.9572775062542485,0.6163117625796984,3.5710971637029703
1.0,0.49389671283354164,1.0,0.5907910220232504,0.38312907143518027,-0.5329156303769582,1.019838708538599
-0.890160804383687,1.0,-1.0,0.36646070781038875,1.0,0.343621376986223,4.28696301199731
-0.27362796957280927,-0.9736305156144678,-1.0,-0.9839475917283453,-0.42034732927805385,-0.6989941957427898,0.10128310696006998
1.0,0.10789654733405171,0.8263265089944722,1.0,1.0,1.0,-4.110087743594597
0.04599051954336711,-0.2977248727683066,1.0,-1.0,-0.08603180216637801,0.856383981550553,-3.4603779229978544
-1.0,-0.4660277372250401,-1.0,0.33864341600070785,1.0,-0.648908177908017,-0.32504262349986623
-0.3000767564683853,-0.3503948458296521,1.0,0.883150569009716,0.14658482716372312,0.2784502645161727,-1.7266891935394548
-1.0,-0.7697501895902785,0.8464629153911751,-0.18533987821988163,-0.5900627063658179,0.35954341294480885,-1.1131602487367545
0.002837850882970644,-0.9036490433894897,-0.636120574020408,0.18779682060486425,0.16834048630260195,0.44111045208403526,-0.8167709913923008
1.0,-0.2861921710243427,1.0,0.17866327121158143,-1.0,0.5347812979787151,3.666156214735752
-0.24479069783647162,0.5853082048077438,-0.7800521670044892,0.4533710303012333,-0.24533562115721436,0.596223423151404,2.6387850861769144
1.0,-1.0,0.5564638082947435,0.623020216197672,1.0,0.5488471094597982,-2.237207701555096
-0.540250758293138,-1.0,-0.8869100989455816,-1.0,-0.24084806407109507,1.0,-0.13811296216106073
0.01163649879965184,-0.13566469622541594,-0.8377237656382104,0.3586334515391856,-1.0,-1.0,1.4405949445248096
-0.7381605471114545,-1.0,-1.0,0.025208195093739838,1.0,0.18176908172934825,-3.301934125669945
0.8551338986055914,1.0,-0.6256734967566521,1.0,0.7851429277930846,0.5450853643084252,-0.15148935037533073
0.7804541108368126,1.0,1.0,1.0,-1.0,-1.0,6.137271680007982
-0.8616064359865042,-0.6301467608300442,-1.0,-0.08969570139211289,1.0,0.23828143372498212,-1.436401707595913
0.31715719311489476,-0.3438286284786145,0.2723190240525106,0.6695273641907002,-0.4907872241713538,0.49942033639277783,1.4370958306337096
0.6876483294362021,1.0,0.3342940236309848,1.0,1.0,1.0,-0.627546341478542
-1.0,-1.0,-0.8945888975012366,-0.650304248868385,0.92992038958391,0.8519625560421409,-1.7066060371801663
-0.641803832667294,-1.0,-1.0,-1.0,-1.0,-0.03305748185167656,-1.442538242208518
1.0,1.0,0.7541266302285543,1.0,1.0,1.0,-5.550455041820255
-0.405788464852622,-1.0,-0.46240249785350174,-0.008164060446437638,1.0,0.8181960266370342,1.4094254307164786
-0.8756951389168302,-1.0,-0.42554819823218315,-1.0,1.0,1.0,1.30617614395065
0.4903991876733693,0.2843309760488746,-1.0,0.508479528860124,-0.37409506188522523,-1.0,3.0908298293144645
-0.8922286460821984,-0.6212713902569664,-0.5954512978652287,0.14971437678378657,1.0,0.021682333162828415,1.0207574353179307
1.0,0.438825014265131,1.0,-0.025437056676589298,0.1865743320345774,-0.429108729906679,0.9277682862143521
-1.0,-0.7547860846291192,0.5018626062070236,-0.8308021892996889,-0.584029413493085,-1.0,2.8153351392039916
-0.517708677632587,-0.36899974552907533,0.8607334853728312,-1.0,-1.0,-0.6332074581202067,0.9992511417930223
0.8392658232861565,-1.0,0.6140721807915254,0.34311263503345957,1.0,1.0,-0.6669001503465397
-0.31958121871538747,-1.0,-1.0,-0.11263152092394635,1.0,-0.0426385119285245,-3.489829902988107
0.11404889759797898,0.901517360499561,0.2537713971625828,-0.1419793474802829,0.42753953623389584,0.13335154310350616,-0.8723221562927034
-0.48494111667635387,-1.0,-0.5338272466913341,-0.42155274495427236,-1.0,0.04354620640229608,-1.676959187432343
-1.0,-0.19834793220708202,-0.2393489888001935,-1.0,-0.31709465338151355,-0.942929722190492,2.102159261959609
-1.0,-1.0,1.0,-0.8642718557579918,-1.0,-1.0,6.4370555068482505
0.9879395302423349,1.0,0.5067088182680615,0.08038524118980234,1.0,0.027157045368684685,-3.2088710719927356
1.0,-0.3754246118054113,0.21835264388436226,0.3046025188883574,-0.30366764928768775,-1.0,6.568342631793599
1.0,0.787196017291834,1.0,0.37885643835981875,-0.17737597296360377,1.0,-2.287725515915315
-0.949703830499389,0.9624738431197057,-0.8625183338533093,0.5881055473526706,-1.0,-0.5983646828365919,1.6088117962835984
1.0,0.4477388459991052,0.2725695387102048,0.713599417048639,0.3446638467575881,1.0,0.5494654797144649
1.0,0.3935636631386674,0.8388818004533249,-0.28903702148297966,-0.5638793809949085,-0.7022291238333478,5.031453698926508
1.0,-0.18743203521155904,-0.015096685223961015,0.8851715678295383,0.7348930916271567,-1.0,1.245992235257416
0.4452828580636222,0.020077710375657754,0.5701776334630867,-0.08193604660081355,-0.5109795868385475,-1.0,4.9003924536068055
0.6025932878206373,0.4350549807223818,1.0,0.13049934916040584,-0.45675814598318965,-0.33823565269983413,1.3830290077091278
-0.10240763413796261,-1.0,-0.47195303699844143,-0.8908607409200162,-1.0,-1.0,5.64761425377797
-0.7474960798539602,-1.0,-0.9850912187146182,-0.13826039789162498,0.9494075155967878,1.0,4.776292880933717
0.006132825882608439,-1.0,-1.0,0.6860385276134,-1.0,-1.0,-0.000531165078443363
0.5273332063223627,0.9909582907272612,0.11745448987910351,-1.0,-1.0,0.7771334933605527,11.361852516724941
1.0,1.0,0.756728122040116,0.40433759091580423,-0.6858663346210745,-0.5602447099311036,3.1445063001587257
1.0,-0.6055223401065317,0.8599513330896728,0.12001510169117052,-1.0,-0.05198865026658517,6.3554778668961385
0.8985520955173967,0.9063757525984528,0.09603540002745609,0.48430544754156274,-1.0,-1.0,6.225529439729046
1.0,0.8793072065881564,1.0,1.0,-1.0,-1.0,7.850370824954068
1.0,-0.4731871332142128,0.5745755706473722,0.057523787051220854,-0.883895093730314,-0.228786955655932,4.9838160940505
0.050132017757420544,0.34163240386549637,-0.6867657656335779,-0.7802248618301064,-0.8670909195664998,0.2311497267453676,0.4288472324926642
-0.7503242010263957,-1.0,-1.0,-1.0,-0.6705946064037702,0.07588251464579637,-4.514928218121479
0.39730984449930995,-1.0,-1.0,-0.2185834927021375,-1.0,-1.0,2.667990613360329
-0.5500101053699917,-1.0,-0.4260317707109196,1.0,-1.0,-0.30509776184099263,-0.6449805543251841
-1.0,-1.0,0.11073732949929765,-0.5347609754464611,0.6363710485623892,-0.999383200182987,7.660775188110061
-1.0,-1.0,-1.0,-0.9991462275748566,1.0,1.0,-1.6972744233298283
-1.0,0.18095373939629478,-0.876755097751079,-1.0,-0.0995558430789133,0.4522504087204471,1.0577322585610822
1.0,0.5757996250655477,0.45543527768616665,1.0,-1.0,-0.9892804470415243,9.22660486772926
0.6127988018498489,0.24157351840541663,0.2943375511343027,0.35254879929798594,1.0,-0.9009027440426153,-0.25708459721453697
0.7134773179117108,0.713314660101412,0.30189286003745996,0.49734209127955653,-1.0,0.3795475105945085,2.259995106671891
0.25073576234681155,-0.7089188270052843,0.40950543090561525,-0.589086762027405,0.13398189086929957,-0.6522411335579736,2.451610778202552
-1.0,-0.44054588494506053,-0.20692638059841817,-1.0,-1.0,-0.017934464280516482,0.26753671297743276
-0.800645313639868,-0.4558988227905883,-0.07339918005133383,0.49514853529271025,-1.0,-1.0,-0.5261711950271377
1.0,0.33561796740621075,-0.29642474376669325,-0.9392131025050501,0.7443936470131628,-0.0982678084173898,-2.0042339403553333
-0.21691961633121778,-0.20716359609904073,-0.5545736504150591,0.14588794146367529,-0.5685658832590423,-1.0,0.3782171340735716
-1.0,-1.0,0.6571759815575761,-0.40053229323003875,0.7773641098677408,1.0,0.3215967491267586
-0.42209613863543116,-1.0,1.0,-0.9501683406742267,-0.008998836649336206,0.8970077002715786,-3.479146728206529
0.3549988857654155,1.0,-0.8265932966266121,1.0,1.0,-0.22904031662483526,-2.012709273957239
1.0,0.7449313549916843,1.0,0.5792969907110215,-0.8505233010111855,0.7599254755338493,1.032512455030112
-0.23397304874800057,0.006478527951070734,0.543433578456392,0.5598842501819976,1.0,0.9923232535120987,2.629704282056992
-0.6812314153242874,0.5509214784497345,1.0,1.0,-0.2306368839048385,-0.5889420051953249,0.05830879407721945
-0.4542932722703713,-0.5448975850583595,-0.2540276976225799,1.0,-0.9944065525192601,-0.5203027228791444,-0.05947581199190006
-1.0,-0.5443885191415738,-0.5273182671357375,-1.0,-0.03847572280184708,-0.6594771031678208,1.4663987490213417
1.0,1.0,-0.01596110434085652,1.0,-0.3023753543766715,-0.6477881657251032,5.0521441305724455
-0.6450284173712859,-0.2736823504167747,-0.3963382271545154,-0.6408285207922935,-1.0,-0.15235926835447666,-0.5227120590592155
1.0,1.0,1.0,0.9346287494629357,0.19109526187529263,1.0,-5.675606147412413
-0.8414049020635098,0.1924052386730507,-1.0,0.09708198247810435,-1.0,0.5983167567929971,0.060966002828073684
-0.9813255093253479,-0.13690701516041076,0.28496255919667607,0.4005998624405708,1.0,1.0,4.049840739927912
-1.0,-1.0,0.5291156522415219,-1.0,-1.0,-0.4473410173186292,5.539506409065262
1.0,1.0,1.0,0.9474433267834068,1.0,0.42897615582055915,-8.559506960248429
0.024911926785551985,0.6467044416571857,1.0,1.0,0.705259743794765,1.0,-2.765904910253277
1.0,1.0,0.43287714855868803,0.09752186923431383,-0.003548762493924884,-0.028416577856184233,-1.2958108343930486
-0.10307686391394877,-1.0,0.16989982519930447,-1.0,0.23621714334896682,-0.4854282897655475,2.214579428868918
-0.06193273361739082,-0.43739337225157493,-0.38617596628900475,-0.6380206574711776,0.8369071477980083,0.6134340595022325,2.03354510827924
-1.0,-1.0,-0.9456027757367989,0.7381768444491421,-1.0,-0.8989041536371651,-3.696729472608672
-0.26582853215886604,-0.5115923728091161,-1.0,-1.0,0.5824510511726112,0.5723893171161989,-0.5721335731093493
0.034181794578222346,1.0,0.9279593967685771,1.0,-1.0,-0.9449123368725959,2.159638035590891
0.5127367991923064,1.0,-0.5771683739931774,0.6946319239248316,-0.7922440461157689,-1.0,6.120513673443129
-0.19499960139268774,0.5949797334187774,0.6061292196251791,1.0,0.9966568605464364,1.0,1.3659978967398505
-1.0,0.4703566907119455,-0.31733127506477243,-0.45385760904727024,1.0,1.0,8.918526893349393
1.0,1.0,1.0,1.0,-0.34477348878000635,-1.0,4.035044685567154
-1.0,-1.0,-0.8115307825912508,-0.47265560581995525,-0.893860363360876,-0.28211352003498225,-2.1516708636544197
-1.0,-1.0,-0.2110016838715092,-0.6241548001161423,1.0,-1.0,7.190179782989514
-0.6633330218794746,0.08543632202426388,-0.2798246352787779,-0.38256625369950525,0.08085879475718544,1.0,3.066671377612508
0.018741049769324003,-0.7187385987399406,-1.0,0.4574557660930198,-0.5600884679099063,-0.780686882272493,0.4355026767599759
-1.0,0.4025522165719899,-0.05984873120615808,0.4031909126004462,0.4637405816167095,0.2667538658248477,1.3580241249101748
0.8712219573117175,1.0,1.0,1.0,-0.7619994774936689,-1.0,5.994443475476833
-1.0,-1.0,-1.0,-1.0,-0.21855674383791318,0.5895026324059598,-5.948238681422817
-0.30807907205599283,0.13886221875565702,1.0,0.47128218299108143,1.0,0.6038973449805507,-0.32678702735328036
-1.0,-0.4102817751763026,-0.8032253375246976,-0.5345635337968122,-0.11259083220461202,0.9999719734313763,3.878391317049368
-1.0,-1.0,-1.0,-0.13599158117482157,0.8009568171612482,1.0,4.246729874078374
-0.05116659732992506,-0.7217825125743427,-0.497606281750248,-1.0,0.9022195185015733,0.9407582925195154,1.4360477529894629
-0.12414819803555988,-1.0,-1.0,-1.0,-0.07567757854183177,0.028217835078975073,-4.051638026923442
-1.0,-1.0,-1.0,-1.0,0.32096098776827886,-0.5595708029725457,-3.877908085894689
-1.0,0.30790059921449564,-0.6986903620694687,-1.0,0.8377654844149297,-1.0,6.426755460911378
0.37252512040324226,-0.7780404449586622,0.8054720143200391,1.0,-1.0,-0.6093308267971937,4.502928231838322
0.17272594461556887,0.12650011563902408,0.15309023361292878,-0.32002190879160297,-0.1925030424498999,-0.9306632295069406,2.17497488029635
-0.3761150488931482,-0.8758406983322378,-0.42561832482404915,0.02635672904951214,-0.9555203889316436,1.0,1.5163260458986847
1.0,1.0,-0.319010271857452,-0.2601658565885938,1.0,0.18604021251131797,-0.31041770100610316
1.0,0.8459909348307983,0.7988324074924764,0.34387277128143356,0.42033461284923035,0.8715067088761363,-3.098914948167186
-0.36388270335564044,-0.18951223569936318,1.0,1.0,-0.18642514020989198,0.3050217906647368,-2.186516593383187
-0.3539506847015337,-0.9021749787011457,-0.28237006362936246,-0.6891713275284881,-1.0,0.38950577636081524,0.6783170749446334
-0.7951172868169426,-0.21750527814930465,-0.13666067606802054,0.8192813450190625,-0.7084433112104312,0.664282331889855,-0.8646620067203838
0.32219786372171855,-0.3049068486172763,1.0,0.624478509399021,0.39736779645845016,-0.9520604298623591,1.00132570860318
1.0,0.6727376553029215,0.7613118705089296,1.0,0.39208987781574683,-0.035108972109683445,-2.943676884974111
0.2718789056114074,0.7963925107306846,-1.0,-0.45546983038484257,-1.0,-0.5273732734411712,-0.3388884838160538
-0.19176578500584446,-0.0583026042901405,-1.0,-1.0,1.0,0.016147523886379744,0.12359832232019291
1.0,1.0,-0.5107037619793743,0.9365187960320726,-0.8178561982005053,-0.9185162030088257,8.937860878861333
1.0,1.0,1.0,1.0,0.6422700667990443,-0.39596301975365417,-4.3433565763400885
0.9831109709630046,1.0,0.20555349674495482,0.6145169604021222,-0.05402860753331862,-0.6025136748792886,2.065757917081264
0.02582626899123941,1.0,1.0,0.4466745809000998,0.19303217094553088,-0.25327710573175466,-2.765043379266687
0.5205008250293124,0.27861456092246045,1.0,0.6107178387707929,0.2078214026910668,-0.6645799416463587,0.14789238483830108
0.40401494769529767,-0.15432292135551096,0.10490975041592343,0.41332149847148936,-0.9046217090181202,-0.5387530093421395,3.081920539013997
0.8299592627570574,1.0,-0.4780205481982675,1.0,-0.29054658954415746,0.8888306620949014,4.19204670172991
-0.4938462233304383,0.03351450249462462,1.0,-0.8350670636796387,-0.6708351350696564,0.28234892785990534,-2.655812484781716
1.0,1.0,0.8591429847333769,0.22552307759711215,-0.45872179493819476,-1.0,3.597944602675574
1.0,1.0,1.0,0.5661632005084631,0.11307227115065954,-1.0,0.6404441353096499
1.0,1.0,1.0,0.9647397390358443,1.0,0.7992311166382573,-10.255941460961457
-0.3109764901165778,-1.0,-0.386971417533043,-0.22802292838487112,-1.0,-0.6364390502818236,-0.16571462872989529
0.9653231016669672,0.045767928602062025,0.8641900723636362,1.0,-1.0,-0.2048351137875255,4.408904050912786
0.6958121287516333,1.0,1.0,0.7277996684447412,-0.33582804156605967,-1.0,1.8061058467865325
0.6539601168575855,0.7164837693961739,1.0,0.14937729188852034,-0.22165544547333169,-0.31905376435790345,0.4632952095206845
0.6229625778410514,0.6883655905395808,-0.21585651139421919,-0.2221583029556859,-1.0,0.9509196716088604,8.39807450249141
-1.0,-0.9557674158639389,-0.29254627235305874,-1.0,0.06130756490628808,-0.0596160245806171,-1.7431640090725222
-0.9052773729634115,-0.3147121764916272,0.6564074742915957,0.016802273227067788,0.3113605237407324,-1.0,4.816159036525759
0.0027591982927298586,-0.24913929236447124,0.45506540807527224,-0.3334964997355095,1.0,-0.5621050953182192,0.28679237075059594
-0.10248741730635413,-0.23801229680635716,-1.0,-1.0,0.770291294079856,0.06535930809375334,-1.1090271272435357
0.40494247577356957,0.3882838016830078,0.8199288186358802,-0.3929680788534328,0.687665696605126,0.8125840102622366,-0.57388876650477
-0.590171876754788,-0.3855715377522964,-1.0,-0.4908234349819883,1.0,0.964910721595992,6.345218340402005
0.11021060518544645,-0.10465486594767914,0.2713357745714252,-0.6409189254220164,-0.050577012743198674,-0.5626678501172613,0.39366944858029695
-0.95067629117556,-0.7696912822723815,-0.5974871420816075,0.24921575526302753,1.0,0.35259067814795964,0.9322238956525242
0.23291818837887757,0.9752763392878467,1.0,0.30236496662087164,-0.05591562736714628,0.9554403357177474,-2.586716281968468
0.06692949373571278,0.9909514408835407,0.5863302036121136,1.0,1.0,-1.0,-1.3898671495675368
0.16777732657888045,-0.5602638316685649,0.18560920206784368,-1.0,0.08095698179736943,-1.0,5.230376557160312
0.2386593017537248,-0.4412556587109906,-1.0,-1.0,-0.7796844287681561,0.20318720117842687,1.6538553743764912
0.29595257813833536,1.0,-0.8699062940789026,-1.0,-0.38830359503088824,-1.0,2.12796996537555
0.32918410910240115,-0.7875093074034608,-0.5367310116619769,-0.5095357544443933,-0.1498977765778926,-1.0,3.1957913827711284
-0.11501562458449838,0.341227440616488,1.0,0.49375760834640964,-0.5905603972593689,-0.06460830291025796,-0.10516080723685894
-0.868067301748651,-0.19804117483217198,0.34983378472292603,-1.0,0.11304784955486435,-0.4344796199424263,2.6842659549749484
1.0,1.0,0.16704267570006642,1.0,0.9055157361842706,0.45205060708949607,-3.1737031513705745
-0.07395516468054061,0.8695926344069829,1.0,0.09530146257004002,-1.0,0.20475399616676537,-4.097666973639182
-0.6445152895631083,-0.10077070548700351,0.2752390066137272,0.2692033477998752,-0.24926794828131915,-1.0,2.8377870725640917
-0.49957815278739115,-0.865985018861134,0.6725945764753783,-1.0,-1.0,-1.0,7.192795561249489
0.15291757376020576,0.1704806561362764,-0.4118347627907655,1.0,0.5668897312984148,0.43926067553096704,0.7406714793265436
1.0,1.0,0.40495046717480254,0.3902050952382887,-0.179430198544827,-0.09242003632812523,0.026248710765057637
1.0,1.0,1.0,1.0,0.6077602064638195,1.0,-9.167093579305162
-0.9286785740561063,-1.0,-0.24783292735264695,-0.37782210878542216,1.0,0.3137836442638158,2.1415021219709836
-0.29769528910847076,-1.0,-1.0,-1.0,1.0,0.47731827517945746,-5.018019386248927
-0.2649511642099095,-1.0,-0.48743225143297175,-0.9245639188295759,-0.7883452392077629,-1.0,4.849915357647794
-0.17402616436027224,-0.10571570754620557,-0.46873268384200734,-0.15589473806774967,-0.7860292760924283,-1.0,0.7596027070107678
-0.053617941890277465,0.9994395372404068,1.0,0.28978574947418384,-0.31329592876934886,-0.7117051865437485,-1.2098556779961485
-0.954096206675807,0.20099840751706455,-0.5917587757657751,-0.10480485880707552,-0.28728095380902485,0.23467885721689996,-0.4291092232106843
-1.0,-0.028797924666738695,-0.9325355641498168,0.06793117376521496,0.04076849463172627,0.5831786367241523,2.387094089265127
-0.7484498009901797,0.3072259795967939,-0.4329157367600731,-1.0,-0.2075550109439927,0.7111486878058018,0.9873063091382455
-0.692515910131398,-1.0,-0.5317748645718676,0.11544090127806253,0.06824732380050635,1.0,1.13504227477964
-1.0,-0.004408832270372587,-1.0,-0.7726938004984405,-0.37554334502388376,0.45130716474186083,-0.7234309961455789
-1.0,0.7539458963761465,0.004094843159004491,-0.23645973654947294,-1.0,-0.8722969694539466,-3.5380990728830457
-0.21331478047949104,0.24829406438807433,1.0,-0.8408432869179838,-0.08217283559980282,-0.772315097504739,-0.025758981077331822
-1.0,-0.13201184973310087,-0.25392004386527023,-0.06929606976273095,-0.6758209940266171,-0.6987232035351951,0.26939060662870196
0.6647124943534244,0.6932802873769748,1.0,0.26243175836673527,1.0,-1.0,-2.795063022771473
-0.6129080315772932,0.2501630580043508,-0.4787338240511394,-0.34905995146490565,-0.15046082644614445,-1.0,2.260759913485407
0.37844635205673677,0.1434317593527072,-1.0,-1.0,-0.4451958893027945,0.723736819057508,2.969793836005662
-0.309640304227772,-0.807320460676406,-0.7956392705685973,-1.0,0.03451163084083389,-1.0,2.300738548614185
0.20682487464318444,-1.0,1.0,0.34828367741937755,0.9812632579113404,-0.4538185505302831,2.3232305881178927
1.0,0.697840698819753,0.7025403482465216,0.547868506686695,-0.3032228087495613,1.0,0.4435563351340772
0.27397435922986557,1.0,0.8413978568640843,1.0,-0.3079297354881113,0.0026583425713726516,-1.7676549793057417
-1.0,-1.0,0.24400383865513553,-0.7472207817272387,-0.9575359213659411,-0.7853517678613113,3.8664359227017138
-0.3546379264867219,-0.7573664117560583,-0.8218084323559908,0.548487495436208,1.0,0.10296957124312534,-0.0947435205931011
-1.0,-1.0,-0.8626349759873939,0.15764331252289643,-0.1481504796688079,0.6207602088031534,-1.9121927977764202
1.0,0.5903309735482902,0.2180301225889294,1.0,-0.10926960423795606,0.2685881046148625,0.5090820173408908
-0.05280844317626965,0.03163226907993055,-0.4500591766051911,-0.8941661327893573,-0.7367891201250301,-0.31971037612833153,-0.20676206676464282
0.09648130678733957,0.12904068756201847,1.0,1.0,-0.89855031651936,-0.3425484291514267,-2.024486411811381
1.0,1.0,-0.6924809470514024,-0.2818335581457274,-0.07123907916504468,1.0,7.012533962653126
1.0,1.0,1.0,1.0,-0.23299953957347408,-0.35632726380350765,0.23282183611235852
0.49906395321268116,0.5384281879459522,-0.7206416612637134,-0.24036446353976249,-0.7704959740156332,0.02272837510885456,1.6798992408421918
-0.09652478305168355,-0.770092297347954,-0.9684674633555571,-0.694065246175489,1.0,1.0,3.0523515186522503
-1.0,-1.0,-0.4484501261480994,-1.0,-0.5243063981024888,-0.39033527682139146,-1.0264886800437487
1.0,1.0,1.0,1.0,1.0,0.4406065667950769,-10.30513530083711
1.0,-0.0066343127725547735,0.8780279748208261,1.0,-0.7705579344325876,0.03690992550201033,2.4954419845145757
0.4447614780401456,0.00923338464231327,0.6382311664084359,-0.0515781271481944,-0.9339044341360909,0.4813549529549192,1.021695671914404
-1.0,-0.8857325370053483,-0.7926105124248357,-1.0,0.2949404517863179,0.4205986982232083,-3.9396982684237596
1.0,0.028543077315379417,1.0,1.0,0.002213439620605495,0.33485633985814706,-1.0032457704201279
-0.8150772329391835,-0.0035629178693257213,-1.0,-1.0,1.0,0.5411210153335997,3.0506169580549685
-0.1774347420593965,-0.3094602994245489,0.09284961372713074,-1.0,-1.0,0.2585105451106071,2.6498658183725388
-1.0,-0.32799177518043865,-1.0,-1.0,-0.18254513541725825,0.08817204779360832,-3.1137432812141417
-1.0,-1.0,-1.0,-1.0,0.1263053612318346,0.4525801078356204,-7.389968061865983
0.7412325745962286,0.15555963552720897,-0.24108445651214389,-0.7216624127680282,-1.0,0.35003431857204415,3.3219159305291677
-0.42253161727972366,-0.016692513213701715,-1.0,-0.7100885048663838,0.3594182188281679,0.41337279125315896,1.3025992723602324
-1.0,-0.8572132088772952,-1.0,-0.1367527439460185,-0.8420095522473299,-0.6305720847224006,-2.707033491603993
-0.5788982214681226,-0.9315329811520032,-0.18411617715890904,-0.4841281404820368,-0.06015404224407772,0.4616705347183967,-1.7582369834351317
0.7295679782096332,0.7199623993148832,-0.5291377518863242,1.0,0.21276714628674398,1.0,2.919596324640702
0.628972939811438,0.9690045764690158,-0.5307031541221963,-0.13584071683119148,0.26650884790148016,1.0,6.545994032986167
-0.954359272649725,1.0,-0.7810521793488788,0.0761252578740731,0.2088461566541871,0.21173056786866057,3.4112273717849004
0.5882212997852985,0.7578625875820135,-0.18912901548099498,1.0,-1.0,-0.7716830817388733,6.348618282882862
-1.0,-0.508687927719534,1.0,-0.8547702030728273,-0.007195803043363536,-0.6080458878393887,1.0524452025029316
-0.8100003993627072,0.21588084184570777,-0.7487127742756735,-0.8434534854088879,0.7449961786394197,0.08476063517717236,0.41758966983924906
-0.7781143693704893,-0.16413976524952267,-0.07425053063904352,-1.0,0.943134909776189,1.0,5.428344744179628
-1.0,-0.2222083127492076,-0.1276287682572499,-1.0,1.0,0.4078057904867407,4.585684447105245
0.00570721199068891,-0.14412999694890682,-0.948575648447799,-0.9115401914136088,-1.0,-0.1392616203484145,0.04027202855963846
1.0,-0.4490798624624733,1.0,0.5623400778621205,-1.0,-0.3751029198404512,7.25928506363279
1.0,1.0,0.3063184718891585,0.2584006469015303,0.8578033264263322,-0.5387736211001367,-0.9729350404179082
-0.10496779314837745,1.0,1.0,1.0,-0.41567164494090814,-1.0,0.20169853049762457
1.0,1.0,0.10744802768946538,1.0,-1.0,0.3816973673582224,4.439397413189238
0.8199173881549173,-0.49701749077700236,0.7470524846003723,0.35140282594667677,0.13798014132916037,1.0,-0.018889980891738156
-0.23045756607525325,-0.27992523554554155,-1.0,-0.2664814956189996,1.0,0.23958952390220314,-0.3196228794793372
1.0,-0.27868737404649724,1.0,0.21427744791390246,-1.0,-0.2913741225727492,5.422212721255579
-0.019064116168932332,0.4703109832987523,0.4091058177304379,-0.41079706389065296,0.43813491512178204,-0.01983542905899094,-0.32589630817030923
0.3191761732388769,-0.6385816478377759,-0.523892008051609,0.5688070623639048,-1.0,-0.6445913967551642,1.9746026511743882
0.09477105319764312,-0.7636307379072873,-0.21603795787499186,0.6233349615262888,-1.0,-0.8723519234773516,1.7817179351321952
1.0,0.043884742189029824,0.49785283573633743,0.22919159295465302,0.04730404081611106,-1.0,4.697437068831716
0.2622760637935422,0.5280419286674711,0.06548655422993814,1.0,-0.9974819534890813,-1.0,5.277683334858265
0.775940630577372,1.0,0.21955756586101527,1.0,-0.19518307977655913,-0.03195921997776957,0.536753640486512
0.009454958344195408,-0.9490370237961563,0.43336579890254884,-1.0,1.0,1.0,0.41914321941856547
0.9244634489746408,1.0,0.6588132391551526,-0.1593677828253111,1.0,1.0,-0.7690176824623944
-1.0,-0.6670463003048774,-1.0,-1.0,-0.035934294256331656,-0.7566879713321373,-0.07858399047117015
0.23762560732317617,0.9147946785895158,1.0,-0.10602179296194947,0.5973392856369312,-0.6286354425393903,-1.7826552120486603
0.3933720248570178,0.13816854971881187,0.07960915767234972,-0.35851748276347056,0.7270312422258458,-1.0,2.587309538868359
1.0,1.0,0.9296046365062074,1.0,-0.09180172210659612,0.6817559366430443,-3.021307643357105
1.0,-0.019915801467948135,-0.8241904135721062,-0.15194031735835967,-0.1984808728065528,-0.2592033123838029,0.668970025827268
-0.5908925563107326,-0.8032340258651615,0.5474835649653254,-0.10943626248947408,-0.03685216929188018,-1.0,5.1898985429995195
1.0,0.16658846243445613,-0.37885607222597484,1.0,-1.0,-0.3269544006373062,3.4590266270803807
-1.0,-0.8321304181037124,-1.0,-0.5342429698580571,0.5827518905557498,0.8339994162457111,0.9815858047280555
0.39672813159113995,1.0,1.0,0.16291639046605855,-0.4842362181395898,-0.4558756410356531,-0.6860132663467909
0.2703153198037088,0.15067279190111132,0.014615329670976784,-0.018348893150554463,-0.5010212256806525,1.0,4.1111115234577476
0.7284936552680342,1.0,0.44889090812611265,-0.497719512967661,-0.9194294162393202,-1.0,4.1354867531424455
1.0,1.0,-1.0,0.3776328102024723,0.30801489355069533,0.4056053047060554,1.9064486803469913
0.808217199209367,0.90175116799544,0.4677856055184273,0.8349460408138942,-0.5689240068160804,0.9697906541705605,2.6645145000800876
0.0652085347594246,0.08537068977852268,0.8944920553208681,-0.46822439454780546,1.0,0.8089887598375403,-0.9419345669156577
-0.4928420138264451,1.0,-0.049094022208674426,0.734671271609624,1.0,1.0,6.512558402696124
-1.0,0.16974571677068656,-1.0,-1.0,-1.0,0.35574003771563434,-1.077867915134986
-1.0,-0.8442600000823385,-0.657512400340815,0.4330981092509069,1.0,-0.059188711613846756,-0.8244801496443117
0.6789787138415502,-1.0,-1.0,-0.5216201736224946,-0.11187744802567245,-0.5556377135705406,-0.44762967685290733
1.0,1.0,1.0,1.0,1.0,0.18582978260979144,-8.910814352634418
1.0,-0.32763450608732414,1.0,0.694799364969176,-1.0,-0.8550221288906809,7.506611000866893
0.4928489678429653,1.0,1.0,0.45675293972773945,-0.2213024270497599,-0.024494076998261338,-1.9338430329892333
0.01581034918660057,-1.0,0.020453704673293306,-1.0,0.5502925269819507,0.5756226370745573,-0.645493567844733
1.0,0.39054095695276714,0.6903995278145797,-0.594853097532078,1.0,-0.6548051356439961,-1.6409197820344734
-0.7658567007344987,-0.07084920342625711,-1.0,-0.1963389117538663,-0.797677434147174,-1.0,2.4924983395956177
1.0,0.8937882115287838,0.4944063631381299,1.0,1.0,1.0,-3.1379892849840982
-0.24627147987619236,-0.6614277163585878,-0.6730797110805002,-1.0,-1.0,-0.4185663342847205,2.5952967528055724
-0.7051738471729282,0.6788620782368958,1.0,-0.6679598006141538,0.5002842052018077,0.8462899047598833,-0.8642580206931764
-0.9315001850403517,-1.0,-0.52705857732423,-0.39120789653423216,0.23314560292150344,1.0,-0.28193548663023205
-0.5134595833377553,-1.0,-1.0,-0.5578615025377484,0.5133214171139565,-0.37665267232025734,-2.2472257517571834
-0.6022862011113588,-1.0,-0.6257597541610527,-0.30085520729980986,-0.24724148909027224,0.6496722353325561,-1.770387056875234
-0.5572857977447647,-1.0,-0.9002216123278178,0.5482317568318149,-1.0,0.5110956218048193,-3.0242597446174475
-0.46742306457283544,-0.6541746553607397,-0.4352418735484274,-0.019105332531839325,-1.0,0.05446122209724724,-1.3805849536822539
-0.04603151307919062,-1.0,-1.0,-1.0,0.6124343506491425,-1.0,1.4794282741808926
-1.0,-1.0,-1.0,-1.0,0.8561025484360965,0.8820754249694784,-3.036580226596894
-0.657922808872947,-1.0,-1.0,-0.301587878267201,-0.19233603903202423,0.9020261322196407,0.5736235389638393
-0.7628261227656244,-0.012322278649580853,-1.0,-1.0,0.2053704049026085,-1.0,4.608871682143285
1.0,1.0,0.14573662853043534,1.0,1.0,0.66224689032036,-2.7072159482669003
1.0,-0.49733181072774424,-0.5850152843325701,0.21920631815168168,1.0,-0.06098302671239764,-3.0621558704315985
0.5980337081430518,0.39520715878501467,-0.754982915820988,0.7047711833986849,-1.0,-0.9353422682827874,3.5441873257974796
-1.0,-0.8362331353521524,-0.6243155244328538,-0.8295688132085228,0.6131347596578143,0.16064258303281354,-2.0579707437856065
-0.6795905024718799,-0.49293238423178143,-1.0,-0.13836110678468638,0.22510856808104718,1.0,7.313734744791704
0.11536589760379679,1.0,1.0,0.7815598477964145,0.3222208360908818,0.3860148105135053,-4.630966757425098
-0.8457421314634563,-0.6367071588409139,-0.7103766002064171,-0.4788983777260072,0.3631100256490591,-0.14243539201516364,-0.1073425691597622
0.4038596853618486,0.2248076284583218,0.616356555738349,0.4497093351826187,-0.3915087038824857,-1.0,3.554660490166139
1.0,0.6406831314084112,0.6231047832857369,-0.2925474875303672,0.33846650111563564,1.0,0.04440195680119399
0.5646709496697753,0.106787119931328,-0.6145173795359997,1.0,0.04797490410990313,-0.6199910328006312,-0.1225645767694141
0.06693837296820193,1.0,-1.0,-0.35797839692732364,-0.49955139026330175,-1.0,3.3885118728031385
0.3283186663830135,0.6568005840347013,1.0,1.0,-1.0,-1.0,3.8999908251318773
-0.6161240077829913,0.1628776863685032,-0.6307752315691213,0.3157737961586829,1.0,0.8992892815204598,6.438146620795851
-0.7807929345911402,-0.07295625760419355,0.7182372099254255,0.36138742816224956,1.0,1.0,2.063654596922547
-0.7181035713330606,-1.0,1.0,1.0,0.5341085319186798,-0.3530658796147047,0.7649278506146117
0.6004386245540392,0.19224857286746144,-0.7795857205319761,0.6358867848886455,0.5566885425383604,-0.6814273720771058,-1.0053526464153015
0.6743984390434727,0.1298828674012642,1.0,1.0,0.22158392638005886,0.15613206485116204,-2.089796314027458
1.0,0.7355483792527886,0.3016639060639337,1.0,0.10934250701093952,-0.49383059278492325,1.0917652325373293
0.19843541798379472,0.9577069683628983,0.163056368995557,0.2543502197404969,-0.10359530497042235,0.2694287981263792,-0.7486924323532818
0.6886465632873943,0.6104621831909693,-1.0,-0.6123018819255168,-0.45191539342667836,-0.2701567334246795,0.5170941378538412
0.7895923066684996,-1.0,-0.19833406828950118,-0.40758242481308216,-0.18434968306541544,0.22183289313724786,0.247107241422579
-0.8061557373522262,-0.9661329516653663,-0.7166615100817089,0.10412354011431546,0.058405576109384016,0.8157353034301703,0.21726184340256938
0.8380938648963367,0.5784735443901794,1.0,1.0,-0.9694880402535125,-0.8337269614116016,5.979364757322237
0.7033056134009801,-0.3661848202934193,-0.21559320118513658,-1.0,1.0,-0.16755557359978263,-0.11474996184357483
0.09822998707184882,1.0,1.0,1.0,0.6707253740355892,-0.7523087482072806,-3.7964141791770105
0.8103314432498064,-0.5345438761924879,-0.39160459053541535,1.0,0.27109036526231156,1.0,3.8557068725180774
1.0,1.0,0.7636329971236795,1.0,-0.4930226610811622,-0.48909743838912956,2.8976079168709346
0.14175087312269785,-0.3342409997892882,0.8152830599970537,-1.0,-1.0,-0.03153409262151996,1.5707557415007378
0.7984028992501075,1.0,0.3408599116809347,0.19952621636360202,1.0,-0.11634412079266898,-2.1035664921843984
1.0,1.0,0.6178873517178027,0.39937888740424843,0.31179207874891124,0.2434287705506708,-2.5440003746242814
0.28272066414535524,0.32272150989738807,-0.019217376024772054,0.6738874770604438,-0.41711677760709936,-0.027856690661585796,0.9855560804321816
-0.27339279458754695,-1.0,1.0,-0.7344452862860955,-0.5725476547924948,-0.2830150419608063,3.098814074505213
1.0,0.6178103170624927,1.0,0.2226316435790705,1.0,0.492851928358353,-4.922035580289739
-0.71740466001569,-0.010774261771954452,-1.0,-1.0,-0.39169901454883377,-1.0,2.72261175847749
0.7094380353097692,1.0,-0.1699213123424026,0.9297924455553247,-0.94980505336138,-0.8212919666205225,8.645932749375671
0.18884593716271514,-0.30500069466947166,0.40746902868923396,0.5417360066760927,-1.0,-1.0,3.79764878214093
0.4860130961018412,0.3988259370240048,1.0,0.8666210248031765,0.8662049448906046,-0.07530755091795682,-4.250466515973169
0.023657081798391044,-0.09126372795120286,-0.9630310084504943,-0.8127755726645187,-0.9799673290924809,0.2963132876560727,0.9622129182327626
0.17984266842896518,0.41564912908058904,1.0,-0.38367134404217124,-0.2513926856292684,0.3350516783897106,-0.17707841861492285
0.9053866301648048,-0.5331209240466976,0.8742708458458088,0.5592026557530746,-0.8017073871519831,0.18999191330611487,3.051725344544418
1.0,-0.699915139456097,1.0,-0.4139105498294532,0.49703645926956613,-0.0975371954628467,-1.1983153752638693
-0.8435332261181129,-0.6629751954519734,-1.0,0.13852916404585708,1.0,-0.4175787504929513,-1.7748456773802743
0.34313961262491577,1.0,-0.3328393036308622,0.655924585555176,-0.836414159701191,-0.8570131034190236,4.177710361803212
-1.0,-1.0,0.1787327176281278,-0.2873343117248453,1.0,0.05283930640528889,2.79716174389748
1.0,-0.6602384095453824,-0.5266809506811805,1.0,1.0,-0.0362734800337729,-3.8439611895577452
-1.0,-0.2159558401075392,-0.8796947620066484,-1.0,-0.6909921243423046,-1.0,2.0472303302790875
0.24923732795012404,0.3853452247110543,0.8306716223517634,0.051248851234795334,-1.0,-0.853645365338688,0.8198798628554125
-0.4700293983988831,-0.6383408870344123,0.5133701005310652,0.39636761021040406,0.6587921748822825,1.0,3.1736534572055417
-1.0,-1.0,-0.38907462096651413,-0.299222245937232,-0.4158020816598031,0.331825760530378,-3.0696770743459765
-0.22053238911786294,0.5565598010096149,1.0,0.1394305150078091,1.0,0.5907383388164735,-0.7846270641154944
-0.5333632176259001,0.24143649830459793,1.0,-0.47938182600191204,-0.47617348405967297,-0.2820756106105172,-0.37611990957064745
0.3516663689552658,-0.026643535642011468,-0.24144963634582992,-0.2551927507675713,-1.0,-1.0,3.430418389899821
0.48108160272333556,-0.6602776916021116,0.16398945503110884,0.043911608941126945,-1.0,0.4818871123050891,3.4739333468140687
0.9272733119600188,-0.9209727129170227,-1.0,-0.1817851208802658,-0.07880360399212694,-0.5771542451901869,0.9797614343918007
-0.16290741732584735,0.7077705410725149,-0.815600692444491,-0.1508426537569776,1.0,0.22773255829428274,2.072404259383687
-0.37521327163953094,0.8118143974540416,-0.1305034046396421,1.0,-0.8540660996274114,-0.3330741388526135,1.2278059569464777
1.0,0.7120193579791358,0.4430707532410535,0.08257321763120806,0.5074941046312077,0.4844081256089776,-0.5533971197354481
0.5774409118165256,1.0,0.18174605740771776,1.0,-0.06730664567641939,0.5610774639941832,0.3688713116809187
0.12278894256440209,-0.2507100287512567,-1.0,-1.0,-1.0,-0.20036074368613438,0.9595471865987084
0.025584304545940934,-0.2677591163140167,1.0,-0.10262403950176219,1.0,1.0,-2.4743067312354023
-0.45581211073063144,0.601074488202739,-0.007344763761259254,1.0,0.6144627504968847,0.7094175910393657,1.9124665390291542
0.9241328890041827,1.0,0.446339168286467,1.0,1.0,1.0,-2.613215661925602
-1.0,0.16274946383336997,0.8206537646631313,-1.0,1.0,-0.2939689496111051,2.9476332979615854
-1.0,0.15058175363491366,-1.0,-1.0,-0.6859114317029033,0.2046161620666609,-0.979110708664024
-0.7987471052377721,-0.8091468866286139,-0.20605185489951927,-0.9756243274505797,-0.9690244897628226,-1.0,5.039948203950034
-1.0,-0.31906827510642644,-1.0,-1.0,0.922305826907164,0.6565798775630785,1.5737671655391086
-0.41334409026593955,0.3258696683023353,-0.49173496462624283,0.5930458319018399,0.3516089117898653,0.7204459508948067,2.9330244466200073
0.38876783747317806,1.0,-0.43295672916500105,1.0,-1.0,-0.2080306405179162,3.709125157596982
0.05476446725287039,-0.5303299544118399,0.42899121513204513,0.5880755799530026,0.20142506034595362,-1.0,3.979389432910353
-0.9131273294574832,-0.17425865751049185,0.011940870989808783,0.31861123175581213,0.5119960031281756,-1.0,4.039278113648918
0.14753630076636548,-0.12006008954215587,-0.663839638986067,1.0,0.8669410953832366,0.2062168293949993,-0.6847019490660289
-0.6780738360589587,-1.0,-1.0,-0.8750831117293965,0.4971921615796831,-1.0,2.9904371201450592
0.17692548535264785,-0.25779978881681204,0.09928843104619212,0.6992256895751305,-1.0,-1.0,3.5397241820753598
-0.8909219970809746,0.4822030913603923,0.31954922176935846,-1.0,0.21283834040696736,0.3170449241948531,0.028832029492092404
0.5939255180810665,1.0,0.03831429786247329,0.7685938682140628,-0.07118131599017069,-0.15738190600864393,0.9152994576167455
-1.0,-0.5856813979340756,0.20139871757740524,-1.0,0.5630290561496818,0.293475123290022,0.5409407141348945
-0.22690051367425051,0.638766252505944,0.6380430806398568,0.8081608534111969,-0.2153298575058905,0.35621830715903025,-0.944909043357058
-0.8078042002478644,1.0,-0.6283186682563047,0.7097854444950933,0.7644889377257125,0.4224409749245731,2.338696027827802
-0.20273947190124156,-0.10747286985823351,-1.0,-1.0,-1.0,0.018683882923037964,-1.132584007648923
1.0,0.7095859742339867,0.5822037943129668,-0.20989515308274087,-0.06484739041387722,0.11504189028142675,-0.6151221920728831
-1.0,0.46852153818653774,1.0,-0.04203997161944184,0.0626204423527784,0.3167430446198365,-1.8951968297735888
1.0,1.0,1.0,0.7201882151773087,1.0,0.6453697220386247,-8.840665755084503
-0.7115040371956215,-0.596509582743378,0.5764757417704429,0.05319835943136142,-0.23298491616909253,-0.2794086781925339,0.25719032818556375
-0.11553789500704859,1.0,0.046520700845865015,0.5273885323615353,-1.0,-0.10848365941273719,-0.18349162082112752
0.3301062413195594,-0.4924516907116636,0.20583716328795887,0.4143961292410914,-0.0766956516036264,1.0,2.094274697551129
-0.521144402989344,-1.0,-0.5397333370444225,-0.15756781013511756,1.0,0.02057975207414503,-0.8016350595785838
1.0,-0.11734763291537753,0.5399092214007857,1.0,0.29453036207660754,0.13004829129201378,-1.2814032568042424
-1.0,-1.0,-0.5262658345281839,-0.7686006374570904,-0.19732507364770513,0.5294674140821556,-4.482527251844603
-0.9685625654342833,0.45599772706482494,1.0,0.16559287383849597,-1.0,0.8347401115499253,-5.097715939616554
-0.19207838042238956,-1.0,-0.7931021895673259,-1.0,-0.5772324654327685,-1.0,4.056651994988866
1.0,-0.22118794711975653,0.536240012015564,-0.28785491766850524,1.0,0.35203158365554327,-3.8104217354150354
-0.32819219066486616,0.9070025866958727,1.0,-0.4506905671258745,-0.33757892902184977,0.6550102085225592,-1.3274415902471342
-0.3882145604918359,0.4262083096546857,-0.2853912146788157,0.11557394653497188,1.0,-0.5959453520493478,0.6984689937957842
-0.2644314738172361,-0.4751035635158373,-0.5962376795729126,0.6822267226656022,1.0,1.0,6.550092144286395
0.03495416492357878,0.3767148983169435,-0.915642410938522,-0.48007609566222825,-0.6285832314881983,0.021722159869073554,0.10488591770379052
0.036306097727832,0.30811579897851715,0.34660643489890175,0.6450799382430963,0.3165471897350448,-0.9989145918151119,2.9019980955129863
1.0,0.7410507632454268,-0.05571725743968464,1.0,-0.16461989395980114,-0.5975789149893216,3.4004396973815245
-0.6122239779539989,-1.0,-1.0,-1.0,-0.5431415141000399,-1.0,3.5861050597257313
0.4532251356814715,0.6901444177346066,0.3673744956581323,0.6927365341184432,1.0,-0.09337146095577264,-1.2848351014906418
0.26026531894050914,-0.2229401289525591,-0.017293612950697895,-0.31466153743130754,1.0,0.014198408023783415,-0.11096824392575333
0.5168980700571899,-0.6120000108152104,0.046634485941954296,-0.45733019985303447,-0.1923753679474578,-0.6615935194635102,2.4056697797611584
-1.0,-0.8560911041629917,-0.33453104698439134,0.453540128838377,-0.1407673832826323,0.7808818652897502,-1.0430880021157867
-1.0,-0.12419833861512775,-1.0,-1.0,0.1955369844725198,0.6725285046694689,0.7445068941949144
1.0,0.30548289529669775,-0.1830638621786173,-0.23432531687797797,0.9928313072263688,1.0,0.39049381748574485
0.7167367970903147,1.0,0.5107238725547391,0.7222092209235871,0.4006191197118981,1.0,-1.0272023727894102
-1.0,-1.0,-0.9832120151646128,-1.0,-0.8122975586587244,-1.0,3.7435478470185743
-0.3657787621863571,1.0,-0.13640852755213562,0.7246559816739335,-1.0,-1.0,1.6705992818422748
0.5150551809648011,-0.6734976508729631,0.07699019064683288,1.0,-1.0,-0.4897531453984907,4.657535369775619
-1.0,0.09609928918276589,-1.0,-0.1873979681853546,-0.22452248771355543,-0.5168364532557361,0.8911026714440781
0.1553355906839713,0.4647663725690156,-0.06575568914590496,0.01460004983094304,0.807752695171805,-0.07553397387412308,0.3348203834055472
1.0,-0.053980109729931225,1.0,0.688472623894532,1.0,0.1827844535560263,-4.805672036614599
1.0,1.0,0.433548074846733,-0.3157626975754253,0.49579896197124085,0.8732202935367503,-0.7024633671036955
-1.0,-0.11611550323082276,-1.0,-0.44502983892595754,-0.3555611830518466,-0.3476765559086812,-0.5989748881288295
-0.3307556282752835,-0.929682102118871,-0.7190531782052406,-0.7185614798608557,0.35009165267214004,1.0,0.9946245073715783
1.0,0.6803532398025585,1.0,0.8919797105502979,0.6038506517715214,1.0,-5.7164772444382015
-0.42001631713073173,-0.5000793213244243,0.1413198356830696,-1.0,0.262789832521375,1.0,1.350050203093971
0.5224103015489505,-0.44626028057530914,-0.08467972177907168,0.9108832203362491,0.2617363831764661,0.4189514677966637,-1.408653255248601
1.0,0.7313108638970426,-0.30061688969538103,1.0,-1.0,-0.0778838787266824,5.028334782894422
0.6248412880361927,0.8561446839918583,-0.02160184492434644,1.0,-0.21320073766033065,-0.8704511087722588,4.309254139601814
-1.0,-1.0,-0.7686340560158644,-1.0,0.3686182555057438,0.26215685857983595,-5.0860830481409645
-1.0,-1.0,-0.5376267390498914,-1.0,0.7658065833211991,0.10940514500359466,-1.3294249645210647
0.8155917276936879,1.0,1.0,0.055813888449423005,-0.691226369813445,-1.0,2.1114169758416255
0.4563798541659192,1.0,0.1520695954290927,0.45627026570402296,0.4795145247833833,1.0,2.177505845885223
-1.0,-1.0,-0.7729902455922273,-0.07027980183811797,1.0,0.6070794623071543,-0.3633943487680453
0.6315673723280557,1.0,-0.7833280906496505,-0.5986710588371135,-0.32462034879878,-0.4899840880497424,1.4937053083112395
1.0,0.9093975240393088,0.7370292874340754,0.43370070048611825,0.9728259080625397,1.0,-3.1424736678911134
-0.5323415912706957,-1.0,-0.8579463370263389,0.7424364595052277,0.022072277949118035,-0.17409244172640068,-2.949015458638261
-0.5882057394712485,-1.0,-0.7196571461388095,-0.7358198114227772,0.5423013597273216,1.0,-0.08592037722706786
-0.1759589236510976,0.7963063990360393,1.0,1.0,-0.014741241858808984,-0.898918255777861,-0.5487741607641632
0.4578341794204861,0.1387250054500886,1.0,1.0,-0.8797705019779745,-0.2907546980607019,0.9667499230683604
1.0,1.0,0.8727169147586404,-0.42104939335377983,0.9047393124807933,0.125293155410778,-2.530374958781801
1.0,-0.11943170455704633,0.10597117734392025,0.7162538346851968,-0.6952438370071181,0.5122409134651473,1.2900679855490649
1.0,0.4035756352956441,-0.08289875129746871,0.7468787281221664,0.1767727624175931,1.0,2.4600024890791765
-0.6464245880647596,-0.2642508499795005,0.7375237019431581,0.8973741112798723,-0.700919457855445,1.0,-2.8428716777110696
-0.9394295993673318,1.0,0.9585360057655462,0.678190363700432,0.021216610671376923,1.0,-5.160120497796946
0.5149132713704758,-0.6575315042207476,1.0,1.0,-0.4740283882795424,1.0,0.009414824648725437
1.0,0.01009083195721705,1.0,0.23703351288401553,0.09089984517395545,-0.21621596323429226,0.7682136979012116
-0.801347515321029,0.026839626397457184,-1.0,0.07880707097821871,-0.20531990944531112,1.0,6.438658493516051
0.13886194333036994,-0.9526383278840932,-0.22790046504057804,-0.6322835772446682,-0.13311689123400428,1.0,0.40457392265542913
-0.06767967946558029,-0.0023001552367571676,-0.7752945462425961,0.7020451274774442,1.0,0.06420726616153549,-0.16466761966316912
0.004794972464199604,-0.7177049511740017,0.18536194069235062,-1.0,0.6584980866781988,-0.25549912631714733,1.981374931776359
0.29813604234065494,0.8190922436155892,0.45612382854283173,1.0,-0.5796239604622908,1.0,1.923745863108606
1.0,1.0,0.8692162382525392,1.0,-0.8992850338957009,-0.7342200640512413,7.686915045253695
0.695546415348185,0.5205595093422373,0.46337485589805705,0.08850196984533132,0.005572308215261168,0.4157440591304351,0.07823838751405157
-1.0,-0.3439076927676352,0.02058162303664411,-0.3009833403129789,-0.14012706600801256,1.0,0.8388680688688046
-1.0,-1.0,-0.6392616490495417,-1.0,-0.42940231130947504,-1.0,3.459556871893003
-0.17877541830546773,-0.7402860269199782,0.03734281900715364,0.7452810245518282,-1.0,-0.3425233813709425,0.6549070473111203
1.0,0.364206959996497,1.0,0.10129705402136069,-0.3304074077467041,-0.5203076190751762,3.0177740494944123
-0.6556776675403189,-0.8811090614249691,0.4855253478462375,-1.0,-1.0,-1.0,7.025574136961903
-0.07978299799962962,-0.030183979209588818,-1.0,-1.0,0.11573704498333526,-0.33784412627631594,-1.010481677403601
-1.0,-0.6822480100267918,-0.12918840244963836,-0.8132122204071806,-0.9099170337470749,-0.8461277813278731,2.067122489245532
-0.3474270392022335,-0.4559804268303218,0.5146090293938199,0.39714249085883346,-0.2984777231600181,0.2144930969098594,-1.4367465633535659
-0.8715028142734614,-0.039101359100225275,-1.0,-0.3284191889397059,-0.1739923387170565,-0.7918788435342685,3.0589427550281862
0.20850101100791107,0.7751573659612179,1.0,1.0,0.6871149401684249,0.21016879838927943,-4.415182766027834
-0.8064966625902872,-1.0,-0.9292936409230163,-0.1883482999343289,-1.0,-1.0,0.17081923361877727
0.015987259939962084,0.13980740251387797,0.931917681020746,0.055426159887328685,-0.9848782644759926,0.6563315744569247,-0.5877782728045869
-0.07839002981368648,-0.9782256120359167,1.0,-0.4235086146208873,-0.16446589652623078,1.0,-2.2106468876167966
1.0,0.3349669173656992,-0.335640102554726,-0.2191159971849359,-0.15497697050014503,-0.7903101765507794,3.5649746481659186
-0.0013709053654418213,-1.0,0.1834813638316095,-0.40204297106575915,0.0021313664469713167,0.28159647288972967,-0.7898105879556384
0.8789393661825782,0.34437296889570435,0.7431104900900933,-1.0,0.1910292734060871,0.2511717809211634,-0.7145905474682406
0.3409746127750679,0.6877799632800855,1.0,0.6884791202263805,0.17954797461712868,0.3605227218635796,-1.7951935417215754
-0.954941095319197,0.16214305322003852,-0.7045609905841619,0.13004941379879464,1.0,0.028099659686183397,0.061716508755495614
1.0,0.15582698367290004,1.0,0.7115853232055329,-1.0,-0.2702277288063788,4.997119234703121
0.650042226770165,1.0,0.5495219899473656,-0.10409393949550794,-0.7245305751702444,-0.018398917858975405,-0.49015009733535597
0.08528475271450253,-1.0,-0.12535090377989877,-1.0,0.22652268475592308,-0.9854095722323636,5.894325055972767
-0.6315350750441683,-0.24425669551888834,0.8129357751144931,1.0,-0.6279106404976429,-0.18231929569069827,-1.7533946254799955
-1.0,-1.0,-1.0,-0.7508551235190346,-0.27313923934756656,1.0,-0.3992768654210302
-1.0,-0.16491933940032255,0.7470724460408457,0.9070051138633889,-1.0,-1.0,-0.17260758970228907
-0.3418822433848314,-0.5500284350753861,-0.6892217787482788,0.3931983649368771,-1.0,-1.0,0.5451887442199171
0.47393529372229143,0.7052841995138618,-0.8333454595348391,0.3591849685776486,0.4706422663402403,1.0,4.839193875378383
-0.2175485274794957,-0.280963147402711,-0.3297421806731009,-1.0,-0.9156614931457006,-1.0,2.726847565276411
0.19614237665564416,-1.0,0.7674950439019654,-0.11874824518133137,-1.0,-1.0,7.475779595337727
0.1791168501264867,1.0,1.0,1.0,-0.8579418296651661,0.42886509263012473,-2.2119662802133924
0.6178350324323905,0.4384340778264591,0.8930497097886788,-0.09717370017123692,0.787937624550098,-1.0,-1.3181749645027703
0.39667829291689854,0.7511882914815771,-0.7201354225890599,0.11990132134929035,1.0,0.43028632730311367,0.3168936578142615
-0.686973805393682,-0.18470066126375534,-0.7257024071072818,0.13690676903891708,-1.0,1.0,2.392264957728714
-1.0,-1.0,-1.0,-1.0,1.0,1.0,-1.2884708399599
0.9846461498797754,0.32945051080278187,1.0,1.0,-1.0,-0.7051840032786577,7.219832344390387
1.0,-0.2425311108652319,0.06010269173995725,-0.7059944518461209,0.08966077001203487,0.5215086594953435,-0.5616629111901037
0.5187725981815164,-1.0,-0.9634877603935041,-0.8962238715690652,-1.0,-0.9874327663324298,7.447360942520884
0.2203949374557317,-0.705173799503317,-1.0,-1.0,-0.3846694130339227,0.9975851889704987,4.6523186127172105
1.0,0.45449443359556696,0.7719624822812774,1.0,-0.7932549102542981,-0.948426901385595,7.169191522929385
-0.06708714720059092,0.3657891307624481,-0.655493163154529,-0.6268567494913017,0.14133043047043023,0.7548842694082608,3.4586036918850125
0.4050330614028218,1.0,-0.14897964745934505,0.11734937730857462,-1.0,-1.0,2.6895084692903497
-0.14015847123614578,-1.0,-1.0,-0.4263903655125687,0.265712699510931,-1.0,3.0213336762133975
1.0,0.5209947119052016,1.0,1.0,0.2825622522841851,0.619859288711228,-4.340871392452009
1.0,0.8533861096852051,0.48900389721307846,-0.1697486760161947,1.0,-1.0,-0.9977594707029278
0.6273725352390045,0.9680231541432869,0.7366563121670953,1.0,-0.22041604693708516,-0.8361477864974601,1.7437740881386359
-0.2817565400507247,-0.4988460029930799,-0.15414613518047848,-1.0,-0.16836897211105484,-0.49655831244284826,1.0902171608396607
-0.24258959856188123,1.0,1.0,1.0,-0.019667859676529176,-1.0,-1.0004657429013786
-1.0,-1.0,-0.8845213720234035,-0.9892301141003863,-0.3579912420333988,-1.0,3.875499892566674
-0.715867215500642,0.06411982807491079,0.14310756331081861,0.6254797594871212,1.0,0.08832345700405653,2.6099452383264348
1.0,1.0,0.0442339006258472,1.0,0.46653886689945334,-1.0,4.24980554675979
-0.5696085699392448,-0.13116731131238313,-0.39358456040071355,-0.38554263901378105,0.2374332977505359,1.0,3.6452142285285
-0.5779244473678913,0.27806202545907255,-0.26922034645729626,-0.5331064803809815,-1.0,-0.6925384734435399,-1.942962748396745
-0.6838058223381138,-1.0,0.11273708804722174,-1.0,0.009444430219403999,0.8094273886855676,-2.1585521694207563
0.9975759555476336,0.9698400655478447,-0.2060717485952226,0.830018783420569,-0.18050754412806647,0.47827676578058254,2.121100496624982
1.0,0.09493124825331456,-0.25082435579778173,1.0,-1.0,-0.010839090874246615,4.382509825930274
0.960516345062145,1.0,0.849843679860223,0.6468122657107704,-0.1447217862885819,-0.904900311978661,2.4223738599025935
-1.0,0.38832547956123853,0.008777406182532213,-1.0,1.0,0.20473568925602614,5.658043947463175
0.3881197716517073,0.36624312281584165,0.7435463049626161,0.3208061242757687,0.056008656096135624,-0.5789501892450735,0.1781860929962683
0.4146258201638502,1.0,0.4819076733921295,0.9172678227664461,-1.0,-1.0,5.278476451507255
0.6186695172312565,0.002918120372639499,-0.8316508911317879,-0.4740926955944007,-0.07515985817889836,0.5308759757582748,2.1827759840366694
0.4017791065540087,-0.27085425526312834,-0.2621953396945161,0.7037524731817184,0.4291923031962715,-1.0,1.687246069218533
-1.0,-1.0,-0.6651416358434046,-0.5356034979545472,0.027451897062950148,0.7263371284235383,-2.7556475991148934
0.3019814259682384,0.7723109779653614,1.0,1.0,1.0,0.9718602912082688,-3.748163014598027
-0.887896791581985,-0.027801318885650378,-0.7709057945310234,-0.7608146851574932,-0.5504777112535971,-0.17653764553918594,-1.5031598076413932
-0.8094261933759576,-0.3483834363605358,-0.27281609461797895,0.016790159925644754,-0.46561810083106225,-1.0,1.4149086197624237
-1.0,-1.0,0.08476473222756897,-0.8260040450065482,-0.20437685707942005,0.876160556724892,-3.4536341560781114
-0.34157240036472325,0.27585790061587856,-0.21622453980927592,0.9274028974075563,-0.33063748955114236,-0.823712274532876,0.13011976171012862
0.17862216278899568,0.011790342494427642,-0.6539608244924577,-0.33168987517623316,0.4084868793257267,1.0,4.813827767895148
0.11338006115306531,0.9499437812450866,1.0,1.0,0.8277731244436978,0.569283981194729,-6.424563142686176
-0.725151642863119,0.39725276246966207,0.9977722072294251,0.40733059032127744,-1.0,-1.0,-2.132406293304088
-0.45213619376724756,0.418462568652719,-0.3466080115748776,-1.0,0.09741578148686991,1.0,4.721595491827823
1.0,-0.2761703966830875,1.0,1.0,-1.0,-1.0,8.307645723062722
0.10017528667774916,0.8851763273207063,0.05898736345459843,0.26552468382555694,-0.5697129386895083,-0.3166857598715421,0.448791085085537
1.0,-0.08843674725592626,0.4584770221759591,1.0,-0.5008531294714624,0.46866327394695617,2.0778043287905312
1.0,0.5220903294441829,0.9316546834992406,0.6303282427730501,1.0,1.0,-4.894908941522557
0.9146451997697586,1.0,0.16588508754801407,0.5623747769957599,0.8049064292397836,1.0,-0.4119665234622967
1.0,0.4520009121376074,1.0,0.4237161032656198,1.0,1.0,-6.392968530433108
-1.0,-0.20219209040222985,-1.0,-1.0,-0.7252938280738096,0.7283418326938016,1.2889694185665597
0.18390891312611424,-0.335272229734489,-1.0,0.2992666419383,-0.44208911923816774,-0.7412313823425516,0.7874221755501791
-1.0,0.5115566573999075,-0.7726347603455164,0.19573217639129004,-0.9374174668027475,-1.0,0.964556186504982
0.008166598631795363,0.5244873083372157,0.9692422298902581,1.0,0.031515537137459804,0.056883580139411194,-2.522759510066348
0.1000132912730971,0.9714479396303738,1.0,1.0,1.0,-0.31573245681440365,-5.597150548079115
0.15331927522058453,0.4688846377822838,0.5516528036878304,1.0,0.979973575216363,0.5001252426972869,-1.158348756032993
-1.0,-0.6704934923209023,-0.8096247304483201,-0.7665161661571706,0.6402090525716013,-1.0,5.307174738183513
-0.1830651810286409,0.3038208821732926,0.8811700784507008,0.6410032155487486,-1.0,-1.0,1.1006062756932593
-0.15121821829363435,0.9460700177451891,-0.6592116988084984,1.0,-0.7952534476283093,-1.0,5.229035445879329
-1.0,-0.5906107102213791,-1.0,-0.8098896782523093,-0.46728716574796403,-1.0,4.874647276574401
0.46009121059212665,0.8900582133835939,1.0,0.041056217314959564,1.0,0.67332560617832,-3.969045876350826
0.40197036880363735,1.0,0.789203225830923,1.0,0.9767485241607918,0.14269811539276345,-5.195023942775175
0.5401838655741111,-0.09102466138340937,-0.713967206686692,-0.4833862492350225,-0.8847964110362522,0.19695525984888493,3.0868089188658523
-0.02669168001390225,0.3961044412707444,0.7165215935744402,0.06749404912956097,-0.8840393791937871,0.42760853020689527,-0.14543394090648698
0.027185741299922517,-0.2809782455062755,-1.0,-1.0,-0.3581122863806462,1.0,5.859051528936894
-1.0,-1.0,-1.0,-0.4314058302818554,-1.0,-0.28456569774319496,-4.699001606264007
0.8713248104366005,0.520374715601405,-0.2885691470922485,1.0,-1.0,0.05905012012988964,3.5955793681483623
-1.0,-1.0,-1.0,-1.0,1.0,0.28807499591162666,-7.139779868100452
0.4200139272523291,1.0,1.0,0.8620598807207103,-1.0,-0.7406040923490447,1.1316030340098027
-0.9900407339774697,-0.07925738079076428,-0.48257520803482556,-0.09869048477858491,0.2516806881185334,-0.3811403515333893,1.386096259446846
-1.0,1.0,-0.2996727475731056,0.25309465263109454,0.655717978286338,0.503411316987185,3.632729344412922
0.16765564349750633,0.3827476673690342,-0.8081272655118585,0.7055806934803114,-0.6866588852558391,0.3001549891833619,0.17742299325089272
-0.828728248101758,0.8650458738884328,0.4956708391486449,-1.0,-0.9369127874332002,-0.005615941728470908,0.06755920176446562
-0.9429327236334765,-1.0,-1.0,0.23303225074661427,-1.0,-1.0,-1.0069445109201107
0.28054956618876326,0.5179782290190769,0.05157991934685813,0.10032589420403737,0.49447519078810437,-0.413891295040115,0.3005158178512381
0.21808654608932307,0.7369315117625651,-1.0,1.0,1.0,-0.15958572018848963,-2.6101091248690507
1.0,0.01104600176916637,-0.0061083783331274955,-0.32000752016313705,0.9273262861069307,0.3124557994420995,-2.3038542299385085
1.0,0.6843887032048945,1.0,0.8200576716811794,0.36209819775107105,0.3740659863598005,-4.007765977460277
-1.0,0.007077221096247754,0.26354366278661845,0.06375861920003079,0.32984139611055485,0.2707268316118475,0.16042974461281245
-1.0,-0.021644554547112893,-0.18028034313590408,-0.05222502428010101,-1.0,0.3898070153244251,-3.019808253576972
0.30132914667317856,0.7655554431383065,0.16584221661226772,0.42844443805635607,-0.99353713097676,-1.0,3.192904423721872
-0.9310553324405934,-0.34775020149098873,0.2918826999807831,-1.0,-0.7910822664990684,-0.7901717862145203,1.0903989482861007
0.30307001545554013,-0.07519083555321998,0.8157895363570586,0.21323668980031474,-1.0,-0.700315723238013,1.6686873438918461
-0.5306376952453634,-0.1552738990909207,-0.3891707167175217,0.5432450896284988,-1.0,-0.6589560126281697,-0.9410961694683683
0.2704448928948747,-0.7872182255139721,0.5033349039458854,0.9738041059174132,-1.0,0.7392041016082855,3.447474867584435
-0.3272901319722659,-0.12879763276098638,-1.0,0.6974383716768322,1.0,0.38956773908031217,1.032898848799426
-0.036619679783346126,0.08146469209840679,-0.7847761537308455,1.0,-1.0,-0.6128540871115666,0.21694664596612578
0.18602931339103917,-0.09442725552120168,-0.8180975820324399,-0.9280005598176668,-0.08089897492600595,-0.060792487164044284,-0.3914838035794002
-1.0,-1.0,-1.0,-0.9760811150201734,0.3239013309841129,-1.0,2.9518402838193127
-0.6637556658239634,-0.14939285518805726,1.0,-0.27787074715845694,-0.30962538594060934,-1.0,1.417951673188218
1.0,1.0,1.0,0.5855914091291061,0.5639630081684186,0.4747718133622839,-5.864085215782897
1.0,0.28122858752182944,-0.5620397186023449,-0.22257157861290522,1.0,0.23422826249910056,-2.037662807915684
-0.3197629285461152,-0.48469656095837244,-0.4286775985166146,-0.19564725186275855,-0.6392754894137569,-1.0,1.319294416681157
-0.020730826341732345,-0.14817491393729232,-0.3472442989478257,0.41951519826308326,-0.45448121091871935,0.2655979695603482,0.23503274360428084
-1.0,-0.08788569561811321,-1.0,-1.0,-0.6412847367766086,-1.0,2.6598614459360603
-0.15343265589409066,-0.03672791922859009,-0.6104500662584735,-0.2423909656182912,-1.0,-0.6029377037554904,-0.40953579403645973
-1.0,-0.8448287376526669,-0.4649378277083325,-0.21665171729810373,0.5981595949196965,-0.17032934798020488,0.24705141441138007
0.1608964446074063,0.3313327657606283,-0.895279410266672,-1.0,0.9927092786761664,-0.1097106542953803,0.09909143348002206
-0.132215616614914,0.657233362487168,-0.2491198789897664,-0.7899890918117727,-0.35965387751132905,0.35342255189763766,1.6162720713163046
0.7513141673277306,0.5692599627729467,0.0925026601609189,1.0,-0.04211942827878723,1.0,3.274257948957223
-0.0021706780961048278,-1.0,-0.722405388687559,-0.4590577616033813,-0.20105357077150154,-0.18501633935341655,-0.364094334781198
0.41617937192808985,-0.33672178292786487,1.0,1.0,1.0,-1.0,-4.093657116019333
-1.0,-0.6701028640093776,-1.0,0.03360026771941138,-1.0,-1.0,0.7341885589557394
-0.4326253181674898,0.7672473211440836,0.6513205486571905,-0.12126156197973392,-0.013280244319584744,0.4884060070046853,-0.38887660967353377
-0.014801993530684305,0.8543187664948415,-0.3494085065797619,-0.6368064120139525,0.07609603580270685,0.17724323045399726,0.6066062377917758
0.9761227586434249,1.0,0.7390404097266894,0.3613322441883251,0.5916527139592254,0.07115758835622199,-3.133480327801986
-1.0,-0.5023535986880879,-0.7651461175900587,-0.8633601195325777,0.395975883859818,-1.0,5.922550972840243
-0.8287554373934568,0.29009916598617547,-0.12017358408986628,-0.19621679781176665,1.0,1.0,6.170336125347394
-0.2916596252106447,-1.0,-1.0,-0.8788421771093065,1.0,0.04662708533973925,-4.917005522368145
-1.0,-1.0,-0.40201796355118224,-1.0,1.0,-0.46266847794605287,2.888304862580274
0.34448467863798593,-0.5053966996226904,0.06860194281296986,-0.6762482632732425,1.0,0.6697149010453851,-0.588571249208748
-0.8546627082069727,-0.1141312513084306,0.9277095296418103,1.0,1.0,1.0,0.6715702386841721
-0.25346406600185545,-1.0,-0.6465324921292923,-1.0,0.22690956497800718,0.44843687775456315,-4.654156812620847
-0.6146561730415049,-0.19626231492523663,-0.8079837291361254,-1.0,-1.0,-1.0,0.7916985835845348
1.0,0.8574079581247349,1.0,0.6245914269194386,0.36419263620664954,0.37413182311177856,-3.8388755130056267
-0.6295892200748361,0.9291091196930602,-0.4975421359300663,0.694984913127964,-0.6908375480587647,-0.18891504213734356,0.6322794765167797
0.352638201177047,0.03829134260115524,-0.7380199019984602,1.0,-0.5515311557609732,-0.004052881768986827,-0.1669271277386741
0.8416845083378955,-0.43212044065355404,0.16429735080664354,-1.0,-0.9545971550115939,-0.9845690447255784,8.91107604655866
-1.0,-0.3326443015747348,-1.0,-0.021605355236356094,-0.9119188591868955,-0.13873111252518822,-3.723823830039749
0.9882233184953199,-1.0,-0.38480771919028967,0.11024322992284286,1.0,1.0,-1.9720660532013718
0.14360723759842942,0.06638882509801203,1.0,0.7388232931017482,0.420149563153306,-0.7068219774743887,0.1206281524344565
0.2185199684392427,0.9035596601815816,1.0,1.0,0.0950208849034801,0.2425661982945584,-3.5719739561324566
0.14689183925824045,0.5726160561556131,-0.26044412744805445,0.3892419492001605,-0.7011474432430964,-0.4025113811943668,0.5609410075206931
0.09530957665434847,0.5975627258137355,0.30083792841346707,0.5855016585479874,0.4616538096647557,0.8536248946066196,1.0020611188298496
0.574655845670725,0.07910370412215978,1.0,0.1452397343252413,-0.36598356638565666,-1.0,2.9722258319860564
0.8859166033094731,-0.23960311960954983,-0.30226923839609476,-1.0,-1.0,-1.0,8.481435420987976
-0.7589314996908487,0.08269427556033887,-0.16517075034494477,0.9398017463285933,-0.7101127022655005,-0.111236060805176,-1.0362033128646666
0.7644299505544279,0.9077123576969606,0.6910678799545715,1.0,0.3281853220064744,-0.8558710102270859,0.5857515170546974
0.6858914621151013,0.310310449939583,0.41773033741812937,1.0,0.01888621148668901,0.09824570300241708,-0.36588545042041026
-0.006487924569081427,-1.0,0.820047471126142,-1.0,-0.11020034892521091,0.551619243683832,-0.5192748606603642
-0.013940397139987959,-1.0,-1.0,-1.0,-1.0,-0.6733509706242361,4.844721745156921
1.0,1.0,1.0,1.0,1.0,0.44564701724197686,-9.52365181264901
0.9455798207831843,0.1423280266671311,0.7427299702069519,0.2918954252821738,-0.6322774295938128,0.41333412719193824,1.6910339221680577
-1.0,-0.8935978000760024,-0.5185104628768402,-1.0,-0.7877888084979905,1.0,0.29812163674269054
-1.0,-1.0,-0.9907824024981725,-0.283839084346005,0.8518862896662373,-0.44847160040695866,-3.1546886782835215
-0.2417802618469238,-0.5072881829629441,-0.7584072164809947,-1.0,0.014819775671124136,1.0,1.4610061484201875
-0.29609698010680996,-0.9287434035531572,0.3367605123477266,0.1074162014534833,-0.8025749737363137,-0.05115738151722038,-0.11756428743776859
-0.32290175878520666,-0.024480138435074905,0.928396261699983,0.47910795330179157,-0.37760763370241657,-0.36217220951310414,1.429016151746617
0.1144519731888054,0.16652648317390728,0.3937980078369047,-0.35448289861167165,-0.6322559325080657,-0.27952844701120727,0.10349545577436103
1.0,1.0,1.0,0.8738573768030118,1.0,-0.9582110347205707,-7.01337523921103
-0.5990535597066279,-1.0,0.9448609064603197,0.34045707061151403,-1.0,-0.12621883763052655,1.0326494340691301
-0.683054458621534,0.3825676747385174,-0.6304029091057467,-0.8050921319883846,-0.4564481329261634,0.3751786844655024,-0.5783338400239366
0.18918409045652926,0.07484082298275385,0.2876086450748261,0.4261131100581413,-1.0,-0.7763563298506744,1.4198426048933106
-1.0,-0.8301948494436424,-1.0,-1.0,-0.4638630604959266,-1.0,3.869798717733236
-0.28658223193583865,0.8979732994432174,0.21592071723279216,0.8945276030164648,-0.5720338553235301,-0.31807847196077976,1.2444873246394157
-1.0,-0.8538113876897837,-1.0,-0.5041372738612315,1.0,-0.8992006185340167,1.8336973427271284
-1.0,-0.36893387090928953,-1.0,-1.0,-0.9301211526266838,-0.8128020245075664,0.2118937594916217
-1.0,0.7592024766008603,0.3056282222212959,1.0,1.0,1.0,4.925291409258081
0.6037334476975353,0.9707182251356941,0.3819297197335789,0.38589105106078603,-1.0,-0.43733364183175855,1.5522978957702571
0.08833601886053688,0.4347867681327218,-0.8834059531556828,-0.010472627563231307,0.9666261001734466,1.0,6.97669332904638
-0.9604848977207403,-1.0,-1.0,0.07760626698824252,-1.0,-0.17178286174733015,-5.899297860989404
-0.34700237193396166,-1.0,-0.7260330027473894,-1.0,-0.3718329790215341,0.3861077031165794,-2.7691588065379458
-1.0,-0.23059636600744787,0.05867668732037834,-0.42753631284092264,-0.3658818684668823,-1.0,3.086108442462016
-1.0,-0.36945262612429763,-0.7474875528371421,0.14103173194524393,0.8896490216342006,0.8349554534124433,5.295677438837694
-0.8346245624049258,-1.0,-1.0,-1.0,-0.17901619643825362,-0.5531643230466392,-2.7174526157219843
-1.0,0.026684838212186646,-0.23916253399327592,-0.7628993535494892,-1.0,-0.7647512828683483,-0.6790541568448526
0.34368047849345884,0.28755774109852417,-0.671868971671626,-0.09625247687721472,-1.0,-1.0,1.1658710226986884
-1.0,-0.851672479385484,-0.11188413505214223,-0.06414366923766934,-1.0,-1.0,0.0443374957694741
-1.0,-0.03651109554092418,0.00975646117110307,-0.44914701748939145,-0.3892062500735916,0.17696308183519993,-0.5149594730852814
-1.0,-0.9777917485066497,-0.6682813443707609,-1.0,0.39507793873339614,-1.0,3.5186156952169654
-0.4353271350541712,-1.0,-1.0,-1.0,0.14527581983774662,-0.5377604102135537,-3.3773345358585773
-0.5538478240601449,0.8586644118523188,-0.1386922813250102,0.41704503967913176,-0.5338269013332483,-0.8275717289693502,0.6003757879156643
0.12159745107441089,-1.0,0.00896091362860052,1.0,-1.0,-1.0,5.707345094863485
-1.0,-0.9634824008220592,-0.6135662076761279,0.39146965340786716,0.9626118153255023,0.1968998962712527,-0.698161291120885
0.33300291769652923,-0.8402075632714378,0.009527867374695687,0.3806492948858584,-0.6210109515916431,-0.5920480230748509,2.3047321411198167
1.0,1.0,0.45715995295329503,0.8398059682153898,-1.0,-1.0,8.769866677345822
-1.0,-0.2570542865674746,0.8996005307107369,-0.00856374296007023,0.15625511738965403,-0.168678380538554,-0.39961425785837235
-0.44855406239568774,-0.3286421824208556,-1.0,-0.6099708368145762,-0.6617504885549333,0.7988248135512321,3.7144162981805042
-0.6924185037676392,1.0,1.0,1.0,0.6307108641707824,0.5097472483233425,-8.882608887286079
1.0,-0.2447158520638879,0.8872688041410264,-0.4889612779548863,-1.0,-0.4290760694468365,7.609443102987329
-0.12018535809989694,-0.3968202407104908,-1.0,-1.0,-0.41237662073722925,-0.7494995203110354,0.6421925718927328
-1.0,-0.8818715496584417,-0.06511791837419434,-0.7091461076941389,-0.8722271148200553,-0.26904004847853624,0.3083292906724685
-1.0,-0.04931168878063391,-0.039167870115921044,0.13513790689203187,0.1836501783498291,0.44357823185541,0.2329222440384623
0.9538228314877153,0.10861491761794534,-0.04448096308514453,0.3437244581284723,0.9416854397507582,-0.9079148352523869,-1.4273346951122892
-0.9781997820326752,0.4389769223612659,0.6748048202869485,0.3995546285897061,0.4027886528398389,-1.0,3.654422947497286
1.0,1.0,-0.30870256452332245,-0.6538366911149041,-0.4405453432465434,-0.8846607102064997,3.8970501094224517
-0.9599375897162865,-0.024128509837404888,-1.0,-1.0,0.3318719336156211,-0.19376268406422859,-1.4248421837122778
-0.3483987329339333,-0.3203733826973903,-0.7869403058101225,-0.2237647826460889,-0.5349493288488971,0.3276756652041999,-1.2636409935566755
-0.7788975902721624,-0.20148699975843853,-1.0,-0.7889507666819313,-1.0,-0.8863243868189463,0.49316968130806027
0.1344578116691112,-1.0,0.7554221824184075,-0.39434619397960563,0.3664196546377513,0.09129488416841347,1.5578520332320016
1.0,-0.5920924931827252,-0.7892056364869398,0.05408805254852467,-0.8478684561107898,0.03319321286269178,3.8488389813407724
-1.0,0.052928026719764376,0.2710527617752565,-0.3662947540421475,0.5613818399172446,-0.0840212392639802,1.2069532663186353
-0.9142060759223886,-0.6594579033779175,-0.8105279307790486,-1.0,-0.8971239696799871,-0.006208676445686873,-1.2558269166617664
0.18310777913880716,0.8577858233882617,0.876736869966753,0.6567458261878519,0.14482374909530438,1.0,-2.681317361031842
0.5743665768445356,0.3544824408003744,0.8265571408311139,1.0,-0.646367485513673,0.08095266514384518,1.0299577625829173
-0.8409807799652693,1.0,0.2873584159662286,0.30581780507539247,-1.0,-1.0,-2.284336164428371
-0.8162281082465698,-0.7642017680756042,-0.06890537760545157,-0.9405905340419689,-1.0,-0.2156625247951196,2.4768206265072363
1.0,0.25700365106026124,0.6521496773523181,0.0075492742438998395,1.0,-0.7922139922144272,-1.3404246789398484
-0.6399216851464047,-0.8951691851109541,-0.7193111608890652,-1.0,-1.0,-0.5644015615875138,2.3044803545730206
0.2535120543258672,-0.29885857772421615,0.6245195267674616,1.0,1.0,0.22493505058026958,-0.7201322618161685
-0.5522310036055651,1.0,0.6119496013506609,0.744138855125084,-1.0,-1.0,0.8797159062827279
-0.28770963251098236,-0.9997169755886512,0.24422675929430232,-0.7003375447693446,-0.8346798131156337,-0.7330606129469339,5.39657830237
0.6932268138324972,-0.5521529775676257,1.0,0.05047023846771753,-0.7745951233307338,1.0,1.0269204589425718
1.0,0.9039369861541864,1.0,0.22558441653637162,0.09261707150444555,-0.6517299778937566,-0.8470208901173425
-1.0,-0.22425477156751228,-0.10397717352401536,-1.0,0.17225942024053786,-0.23784383297190248,2.1617137284101586
0.19798485809091426,0.9743717154339653,0.26870202249208086,0.6937686634859817,-0.9678167974506944,-1.0,3.6856223911661794
-0.5909238025209325,-1.0,-1.0,-1.0,0.8170959639743479,0.7915171124378491,-3.8164903631411997
-0.6557163415138549,0.14854045287706813,-0.06670250308938042,-1.0,-0.23345164383835304,-1.0,1.6329423539042538
-0.5714030683040635,0.016953033335093903,-0.5676240615725007,-0.05863145945831372,-0.6985257545446417,0.5725659690209505,-0.3005300916528764
-0.9629492099611733,1.0,-0.37075092145422833,1.0,-1.0,-1.0,3.747754222057606
0.9277325606493578,-1.0,-0.5705376299146148,-0.24401520168028568,-1.0,-0.8666835584638355,6.542932721849431
0.11732788985051146,-0.6550215460194547,-1.0,-1.0,-0.20403788751850227,-1.0,3.4966695785240374
-1.0,0.2600800290695159,-0.4288357265067186,0.9497040748239325,0.690593155081719,0.43659901832779857,2.017136896419634
1.0,1.0,-0.5756761734525734,0.47846939287059964,-0.02428928575715883,-0.9491853504828092,3.5236122823803604
-0.2736673431157919,-0.8108900018908263,-1.0,-0.830382729362789,0.20029660786964198,1.0,2.082426978523695
-1.0,0.8284810020950341,-1.0,0.15106021393455923,1.0,1.0,13.626841520903673
0.9767111428222401,0.9919901251452463,0.5624628706784505,1.0,1.0,0.6959691737483018,-4.950953123291646
-0.2581172224266013,-0.13057612661724294,-0.8393805999934925,-1.0,1.0,-0.3306636540840064,1.2824196630643097
0.16712595009641634,0.47076748717588945,0.4256398962845428,0.40551570415218086,0.6670200181064933,-1.0,0.9128612933062064
0.800403347226744,0.321838699454974,1.0,0.49886384537413386,0.7139649301046236,1.0,-4.647668011135753
1.0,-0.729362061067408,0.4684356875260647,0.6066274236890068,-1.0,-0.2874319568589775,7.4075155598868685
-0.47891944813478715,0.2326140194496149,-0.30699730459028296,-0.5820432158565993,-1.0,1.0,4.890047218605362
0.13185754991223048,-0.6869708467808352,-0.7127625115614445,-1.0,0.5916146768340731,-0.546672103911196,0.10420078744545994
-0.1477557760717323,-1.0,-0.5151114803534202,-1.0,-1.0,-0.822991832731632,6.446904141369867
-0.6130576950954149,0.7181164302744104,0.06395944497795913,0.14287758818345497,-0.9119044588450759,0.8714767252790303,0.32476609113502164
-0.9407986773203959,-0.6502537836202124,-0.9529677524016406,-0.4827128787735387,0.8250748885209118,0.0474290172291747,-3.2984443607983147
0.37141999534001,-0.3699069273666611,-0.5534468293122385,-1.0,-0.9578484281125812,-1.0,5.465453606752465
-1.0,-0.28804506320192763,-0.6431291466488605,-1.0,1.0,0.6407256901501055,4.407563661557746
-0.30926664216970856,-0.5747572798494034,-1.0,-1.0,0.5488378322832954,-0.854067606613091,1.8806906148445917
0.46047193617521825,-0.21245880953147517,-0.9491964826294312,-0.5194449704568999,1.0,0.4126327920538424,-1.7496104868101892
-1.0,-1.0,-1.0,-1.0,0.1751286002343423,0.17797683955116628,-7.672331495864454
-1.0,-1.0,-1.0,-0.856505143718385,-0.46459273949333557,-1.0,2.616301032017129
0.9813721205880684,0.27581910463410897,0.6547168825682711,-0.02839371565544338,-1.0,-0.6922321733257695,5.030927275413165
-0.5468172072175674,0.6474187219647121,-1.0,-0.22602886128826216,-1.0,-0.29019888387026094,-1.22546213313571
0.575158237495101,-0.29631333153566486,-0.28542622271143914,-0.09895424217127224,-0.11344107359840527,-0.883945939618866,1.9813780683025937
-0.7045650745009404,-0.27020806870936687,-1.0,-1.0,-0.1644054683737665,-1.0,3.2215003902267645
0.37453701001881323,1.0,1.0,0.4470710670583158,-0.9127498523942864,-1.0,0.3808746378567637
1.0,1.0,1.0,0.7226308773031302,-0.6540301432423647,-0.6107625138450645,3.6916098398124784
1.0,1.0,0.149543724333833,0.35599358311908635,-0.4309176476641243,-0.6301588893843146,2.6371731749552385
0.27970365071857817,-0.22870438852858538,-0.12397063389865909,1.0,-0.8602051072664629,1.0,4.824891650179312
0.06521991160827667,-0.43294187885055935,-0.40406552989418365,-0.406319038012224,-0.04448356307450385,-0.36377514349478496,0.4732893632076459
1.0,0.20416184154743067,0.0019575631931856297,1.0,-0.02244892261124716,-1.0,5.352557005368523
-1.0,-0.3852031825358251,-0.7912905019734984,-1.0,0.9896105249225209,0.33576706717253546,-0.03503537698424264
-0.11176765576032288,0.31135182111411075,0.5208928797044616,1.0,0.6632922213385078,1.0,1.851185131736806
1.0,0.16556963292176397,0.5426247019067405,-0.8831493066669137,-0.4565094871827763,0.9240106690313425,2.8076889742048303
-0.7453917214489777,0.4492090785923415,-0.9005467015619224,-1.0,-0.2873358038124547,-0.7668663245995031,-1.0244290134677383
0.6595662653784484,0.5359284009154069,-0.07055080336013642,0.23534426515113344,1.0,1.0,3.546421074566931
1.0,0.9390283003428737,-0.327384948394328,1.0,-0.8140663445949432,-0.10271213730243889,6.341042624717632
-0.7277226461116446,-0.2779960780405056,-0.9077883706912971,0.03935586754957621,-0.9948713848086489,-0.036190735674062245,-2.5079270997321452
-0.08157118805780195,0.7270682843837037,-0.0626776174395337,-0.14501841506124752,-0.2441381135708781,1.0,4.4558737691690276
0.06881052396561677,0.7194996957302973,1.0,-0.14426583647555424,-0.9051070805133423,0.2224707344839395,-1.2903979847122273
0.6658008566870051,-0.10853873733412162,-1.0,0.17141940428211597,0.1955553650158582,0.44593570632799184,1.0982422126681999
-0.5323233742590662,-0.6933825397408484,-1.0,0.3571607749942408,-1.0,-1.0,0.4679997661198857
0.5836654431106412,0.738992485939294,0.8621929907359347,1.0,-0.6603845731335727,-1.0,5.403948974615436
1.0,1.0,0.13640870372213598,1.0,1.0,0.08760618491448369,-3.0812709073344084
0.9707042658739051,-0.7419100166213495,-0.3100431928109585,1.0,-0.018369057908285802,0.6616461968673634,1.8032610680331076
0.07142285079851235,1.0,1.0,0.9878943702542528,-0.48626296733068286,-0.11566638801702256,-2.3341570071195914
0.9206680546391456,0.5262887652913931,0.137000619410236,-0.178733323019938,0.22896213683721456,-1.0,2.987108933579539
-0.5640819179006016,-0.5918815227173652,-0.5911681546229455,-1.0,-1.0,-0.7440347699277035,1.6781821188041102
-0.09060565089628975,-0.7285870010130344,-0.6569871620092429,-0.09650384731954981,-0.693412728729893,-0.43683932468845005,-0.5250111302781096
-1.0,-1.0,0.8140253263536805,-0.126674168878965,0.5158728072258797,0.495482917182843,0.8275470585768536
-1.0,-0.3679458296783036,-0.7528249773529001,-0.21611468689571822,-1.0,-0.9533935429543815,0.13066727909244652
-0.4015550372479407,0.5823478419298516,1.0,0.6449174746826799,-0.02579005375191669,-0.9286626098889232,1.42361681080302
-0.23192240501942513,0.13881786894537362,0.8284320574103374,1.0,-0.6207985591698706,-0.4016647341470756,-0.5447490360588656
0.25830541102951776,-0.03670341742574755,0.06802346355573086,-1.0,0.5896730368570573,-0.8180022424083007,1.9364316633814536
-0.01325483886830403,1.0,0.5680049214893548,-0.02260397596438124,0.18291762051673333,0.4620105661071344,-1.5511421103424456
-0.9888484752508602,-1.0,-0.7317293862281523,-1.0,0.10024375298261257,-0.6824356839107024,-0.8476988654714789
-0.42052530793447696,0.6044175590239624,1.0,-0.6385691698302584,1.0,-0.5659743925872269,-0.8138648023285354
0.9889281037588918,1.0,1.0,-0.32790178799834,-1.0,1.0,2.6252987262565877
-0.9291245875753074,-1.0,-0.42041024402413063,-0.03695803988686075,0.3353525479876547,-0.3940950958086484,0.2902092978273644
-0.674120458936458,-1.0,-1.0,-0.13494497252923154,-0.04696924639168015,1.0,3.0455717056423666
-0.03440238260870643,-0.777823222913754,-0.20996301499466075,0.6411083385547771,-0.5148527064422931,0.9828735848247201,3.9043658894698217
1.0,-1.0,-0.14582846734696675,-0.4106029048958216,-0.8448286812066723,-0.566627069982659,5.761598598348084
0.8630070843776287,0.7066997562256697,-0.8216863606763484,-1.0,-0.6603409983786652,-0.4509478803613855,2.4114555470799344
0.5417218141093223,0.7186320076448247,-0.3667661361829084,-0.5078168213193437,0.5362794956726548,-0.5935560220129634,-0.7555658920143538
0.2572317960664168,0.8131835869909038,-0.6289736888363948,0.6747518210025181,0.4711299371141408,0.120167143562801,0.6816892474831971
-1.0,-1.0,-1.0,-1.0,-0.7564266947459064,-0.7560899943792039,0.22604807141129035
0.4594562277329811,0.5435088993431791,-0.25435856890350894,-0.25585599329346975,0.6098637412715636,0.10820650802014065,-0.3843367524579622
-0.5029443687384054,0.12496851374755628,-0.9355711578647089,0.21349091196301928,-1.0,-0.6630905695654934,-1.3969546208147008
0.4417862289250033,-1.0,0.4688065026321352,-0.6011097727262469,0.3769818760724144,-0.6720595722668102,4.003558991426332
-0.12864941607289146,0.8179695135704594,1.0,0.33455910984096005,-0.17930603520386995,0.557851827622144,-1.5039972771966532
1.0,1.0,-0.0231444924315225,1.0,1.0,-0.07830186265639771,-1.0699808857975524
-1.0,-1.0,-0.49498437265803363,-0.6873387706931586,1.0,0.620014300718561,0.8606882691407914
1.0,0.22716143777335218,1.0,0.7819046540787158,-0.22412766067069706,-0.7042606239877414,3.028386617517902
0.470837447386119,0.2316327802419509,1.0,1.0,0.9006160536345943,-0.17501944701508898,-2.641560738619545
0.4322917420503992,0.17171730095660787,-1.0,-1.0,-0.7670375728168428,-0.31550709661561926,0.5599016685874821
-0.5814325971400107,-0.2799023503778305,-0.9721269147988366,-1.0,1.0,1.0,6.743116079635428
-0.05290094673639473,-1.0,-0.9292504970424104,-0.6211876502683227,-0.11578413754972483,-0.3505292246406022,-1.8325059221892928
-1.0,-0.2778117732337624,-1.0,-0.2099612037248808,0.8076114549914165,1.0,7.114661251300944
0.5417098878370867,0.06241651616351129,0.5223671315724884,-0.16737466865975692,-0.13919633628036415,-0.318990184271862,1.634758409358688
0.42612793861363973,1.0,0.10902635202308891,0.2739450747421057,-0.897228004066867,-1.0,2.6854343197934742
-0.2970318969867849,1.0,-0.5659409671778148,0.7827465316830486,-0.7423069347321063,-1.0,2.7932921278989804
0.40805511393043103,0.0736515525858285,0.026084474842613697,-0.8326686157519708,0.8370019681537917,1.0,2.695216395604037
0.7936317487419124,1.0,0.5737416177159751,0.6491091573398308,-0.0461802220796792,-0.8453113392677483,3.2816298327559354
-0.45753816356144905,1.0,0.10505471510280812,0.19325887656513804,-0.2204184327931633,0.13437492566262194,-0.9758461651797616
0.2600742439700987,0.3719286569177178,0.42705762987484075,1.0,1.0,1.0,3.316471643462692
-1.0,-0.8645165960565171,-1.0,-0.5299744128671944,1.0,0.3555047123716144,-3.6831437102719944
0.26046486044018513,0.09497173839952155,1.0,0.09846141019231619,0.29441198404384794,-0.6787147479992488,1.0556952650977836
-0.7771528866190793,-0.23405966335030237,-1.0,-1.0,1.0,-0.7975373872300708,3.034760239069808
-0.9237613769921282,0.12646130771852104,0.8513278514949107,1.0,-0.2603625439837265,-0.27739222379503725,-0.6823483058413018
0.3239819625970142,-0.6673303589152301,-0.3801948928194134,0.8098249275494168,-0.034045209618885464,-1.0,2.2576199930205143
-0.7764907640518894,-1.0,-0.9359735828040909,-1.0,0.4321407046412997,0.17736200105727903,-6.503437598175249
0.5043638479727918,-0.10956299737943198,-0.015137284555185454,0.06110902142399521,-0.21237077639991786,-1.0,4.118149575597705
-0.5791963175790915,1.0,0.6234808223968759,0.9668931550255774,-0.011685287697635355,-1.0,0.6483931689924711
-0.3722835905200577,-1.0,0.006918582794323017,0.6265968353567071,1.0,1.0,3.8251498372385297
-0.459907021589097,-0.06255667089534811,-0.3677374154595829,-0.022365301093846712,-0.7836784297666445,0.29467764786843537,-1.7984792960631721
0.6616837481770039,0.6472918604801026,0.11156952446949031,1.0,-1.0,-0.1639438442988881,3.463349030730629
-0.8525387157379772,-0.912933444476098,-0.7998727776641752,-0.4108941741691577,-1.0,0.5592908815787309,-3.122883759206832
0.6254441458880048,-1.0,0.7232814041825593,-0.8821781036553595,0.5633755257973359,1.0,-3.564735091569119
-0.7318852176766182,-0.7453643278670462,-0.6621593455788577,-0.9520729004235602,-1.0,-1.0,4.072464668881267
-1.0,0.15325924511768396,-0.19938990097949683,-0.7614096757293969,-0.08160521828801348,-0.22870213823022084,0.9676361993512219
-0.5163085432292739,0.828385578131419,0.656053173767025,-0.4155443055923034,-1.0,-0.8545889876388058,-2.5270615278094795
1.0,1.0,0.8723667614226549,1.0,-0.0025698063206453514,1.0,-3.3503498619537364
1.0,0.6479419914783922,0.7020883404808258,-0.7842620384757159,0.32056731824029433,-1.0,1.396194740648714
0.3969163154480566,-1.0,-0.4870508571317878,-0.31732331733728936,-1.0,-0.34985903446226196,1.9337578655409602
0.6664950667724852,0.21967142870865183,-0.261331868649605,-1.0,-0.13795885856410883,-1.0,3.4820406774265136
-0.7167994187218183,0.7487108074076093,-0.5460109981162452,-0.3940852624615466,-0.06359447807387897,-0.381806736000037,0.39258430610673545
0.10451645694287504,1.0,1.0,0.8911147568243042,0.4865494238480297,-0.28629380308648006,-4.215524590634216
-0.21335095610413202,-0.7883549395238804,-0.6454751174377599,-1.0,-0.5759142912558499,-0.9428125285926077,3.239511291969836
1.0,0.3193450725460554,1.0,1.0,0.1216107226664046,0.5254739479275669,-2.8296282280809804
-1.0,0.4333410747434385,0.22476285471553192,1.0,-1.0,-0.9569864694831829,0.02550777959211903
0.2950185421903387,1.0,-0.7974365515401325,1.0,-0.7550930502501203,-1.0,7.004179158001032
-0.031830346163995604,-0.865151018454333,-0.3117125687697727,0.7525484231548809,-1.0,-0.4611587274173823,0.9399143461876251
-0.7014705408315614,0.41843169479730097,-0.12751865724025524,-0.2941473419878038,-1.0,-0.3470177042865341,-1.9045737114251204
-0.48877156920435966,0.868479124431437,-0.04179892761013948,-0.45004407068812735,0.4608140928468464,-0.355668187196692,0.11570510199339079
-0.17462399161717035,-1.0,-0.9021018907300954,-1.0,-1.0,0.9630948323878809,6.133737290874721
1.0,-0.3094209359066503,0.8793690555523463,0.6886540831141424,-1.0,-0.7146519058447716,7.651774128664885
-0.41957336925967903,-0.6028988482747144,-0.8681168176992292,0.11215468577512704,0.13661947734724333,0.03244140279528862,-0.8754262346352345
0.3668115259937798,0.5920216217862626,0.37258402698645066,0.7606171458995744,0.01966686164526088,0.7402163489391298,0.09915786660269921
-0.6221308177825399,0.31106858770221646,-1.0,-0.2033630048177184,-0.922979725394993,-0.5718303067975101,-2.6821311077709105
-1.0,-0.9236347678245815,-0.52088763540977,-0.1305676923903644,0.06857491550392508,-0.6673504382287786,1.5125228609805597
-0.23973040785915434,0.7803573843263371,0.3857649410185072,0.9741651540922748,-0.2901666332040762,-0.4110834687778584,0.7850817053823451
-0.19569487316583734,-0.3389723260105979,-0.026973149757261394,-0.8827348687296663,0.5272869730742127,0.14309501716954043,0.7841210380751344
0.08988822421145515,-0.12675310048395594,0.07314620526649429,-0.9894519479188981,0.9306018582882367,0.013646341685448982,1.3769814549403303
0.5331562631008493,0.3827823106235092,-1.0,0.5845791237257145,-0.8165044392733994,-0.5265592346382592,0.9604226642717595
0.05872733092086846,-0.8721164008900184,-0.31502138099973814,0.3158096712252996,0.5511713755242513,0.4014952136494655,-0.16049615899448072
0.6222423932675853,0.9034367860834145,0.03818821298988051,1.0,-0.3948102922056558,-1.0,6.427305583379529
0.5816244274804561,1.0,0.32695099618918566,1.0,-0.07247126998239861,1.0,1.4277730587859085
-1.0,0.04594896855337138,-0.40658816004030973,-1.0,-0.9376102531758326,-1.0,-0.3691596723283682
-1.0,-0.7929649847200073,-1.0,-0.8685363451466039,-1.0,0.25825808772094155,-2.2235184010811135
0.5207188845922215,1.0,1.0,1.0,0.7091921175589351,1.0,-7.638013378016074
1.0,1.0,0.8764966732095478,0.5325619107782549,0.8444280000577864,-0.9861262767578128,-3.3691745202568955
-0.2612129808115182,-1.0,-0.10275120396016807,-0.6474821955089523,-1.0,-1.0,6.1494896002870885
0.06670908938826003,-1.0,-0.4485746287650857,-0.8470334272928965,0.5626521258454987,-0.5767457369101707,0.9950451031585152
1.0,1.0,1.0,1.0,0.48682769518630903,0.13519280518530577,-6.341533741636436
-1.0,-1.0,-0.16338018943537602,0.2841115262204277,0.6496749029173782,1.0,3.0266370772039597
0.11517825500050216,-0.5369051138093789,-0.9383191193343421,-0.123583874990493,1.0,0.08356835050445421,-1.292814319071994
0.8295554349044327,0.7492196594586447,1.0,-0.025796567288127903,-0.9982501618734916,1.0,1.5146446483194933
0.8523285841349307,0.4073270250825904,1.0,-0.8474112680086427,-1.0,0.8593883590155167,2.849786308031608
-1.0,-1.0,-0.284385870148244,-0.5318349000548144,0.3918015198842316,-0.2821718187940225,1.0517687855437226
-0.44687838920051604,-0.5299770701685205,-0.2428323398726453,-0.40200667705202364,-1.0,-1.0,1.4111437635269968
-1.0,-1.0,-0.9807404049298394,-0.629388889372323,-0.22272855617996834,-0.3244313261154627,-3.8223258157924933
1.0,0.491724390738681,0.8755882165452091,-0.03707550966813311,0.2756194285754028,1.0,-0.8296177477248926
0.6658508842801443,-0.194256384933702,0.8000150607411588,0.7510993319110049,-0.3959067385441184,-0.41012975006867336,1.347045244769738
-0.8937006813929816,1.0,0.7360116160592985,0.9257116189012295,0.10161369832848818,-0.7825611003137107,-1.1029952758687247
-0.7926226877824998,-0.7957726616959235,-1.0,-0.2460390919373885,-0.3586189172461421,0.3459402593225717,-2.9876091489426786
-0.5536108803755504,-1.0,-1.0,0.1924466960989933,-0.7360989427216167,-0.06415106411500993,-4.538633889531687
-0.5659872746370164,1.0,0.25068207178124735,0.8214900778867441,0.0460710438732409,0.03558970300066722,-1.2141751509611127
-0.16060962654241318,-1.0,0.025522475272929612,-0.042667067007149395,1.0,0.6651783754031146,2.2648390420686884
-0.012175948515710466,-1.0,-0.7852493927506753,-0.04604863674497239,1.0,1.0,2.988583674948288
0.8233865155996763,-0.5858630851601593,-0.5701888154220977,0.6716211456425607,-1.0,-0.5179310492837996,4.377915559870185
-1.0,-0.9718956097397693,-0.18349725252884957,-1.0,-0.08145603132244705,0.7673951197437585,-3.578243579375867
-0.11208934683280969,-1.0,-0.06680576325929038,-0.9626210764240476,-1.0,0.10508706685842095,4.772838512785826
-0.12320550499446115,-0.5406437431995095,-0.6909312307696129,-1.0,1.0,0.39207812329250724,0.4434892916889248
0.512526662103787,-0.01699951689634749,0.8393053482188064,1.0,-0.4092776730076301,-0.4656230097487229,1.5658251557839757
1.0,1.0,0.42549643995908526,0.15892261071629377,0.8272919123950095,-0.9161311409908176,0.07638422011700396
0.27798470525779784,-0.46086470101965843,-0.14293419452835876,0.33124820610742145,1.0,-0.3732290613390326,-0.23847624122052097
-1.0,-0.09423228116757415,-0.7319831398360802,-0.6311071401962336,1.0,0.7208537772741139,3.2569834533509012
0.4121377822029667,1.0,0.13099248607718988,1.0,0.4658868760327177,0.566090631042586,-0.9752717034603973
1.0,1.0,1.0,1.0,0.37702444244506766,1.0,-8.029182407729555
0.17625528610664365,1.0,-0.4096073831953398,-0.09650618627430918,1.0,-0.992452056208746,0.9285661464359105
-0.41202601900040015,-0.9424760287774363,-1.0,-0.25212592049399296,-1.0,-1.0,1.735841591740676
-1.0,-0.016072020221259864,-1.0,-0.9172254181169187,0.012448108757043497,-1.0,4.871991831649529
0.40783513978335173,0.5635278407833662,0.7947264621603551,0.07228202247064797,1.0,0.12272082371862736,-1.3194585577877804
-0.729608258298917,-0.6337725247217701,-0.05794032858893916,0.40138922098489926,-0.29354809262651904,-0.21247418305165405,0.10053767293552329
-1.0,-1.0,-1.0,-1.0,-0.32401484097920785,-1.0,2.918343908810144
-1.0,-0.9038532642285417,-1.0,-1.0,1.0,-0.5682733020212193,-3.911600044096287
-0.9557553566072766,-0.11899312158543662,1.0,-1.0,-1.0,-1.0,-0.6978099327422367
0.0742688290470347,-0.6314074342944226,-0.5088327894049687,-0.0008378956725330067,0.08965069810533177,0.6308664034340006,1.2037961936160884
0.4492125109325178,0.6509789202048601,1.0,0.8816023825314359,1.0,1.0,-3.4978910993176573
-0.7664045490788973,-0.6595315279961993,-0.6962634014311131,-1.0,0.15702428048184547,0.45353048717300903,-1.6707022098641906
-1.0,-0.3484313557888319,-0.16824354313107048,-0.3277291345268918,-0.8455555897180574,0.3490856898526532,-2.796580892162805
-0.7063199052111797,-0.9981482781593786,-0.8383778307025198,0.7736996418910819,-0.4658614240643907,0.041788088449566024,-3.603559406358108
0.17463535127871344,0.3271478357388894,0.06385875842530098,1.0,0.3009779111015915,0.6462370660155705,1.1092740044697935
-0.15492487268360855,-1.0,-1.0,0.10296494801522449,-1.0,-0.7474787881088025,-1.0799838452789763
1.0,0.5001290637960482,1.0,0.7717837343792187,1.0,1.0,-5.983896377541699
-1.0,-0.26773777653674624,-0.05657693431112121,-0.3624194929471065,-0.3898139150615807,-0.16517009493814694,-0.11356637949848303
1.0,0.21281621616513857,0.23243215113785864,-0.15446514705150696,-0.4840160692567333,0.7303452386065064,2.5951939570715203
1.0,-0.19699732991415753,1.0,0.10954140622144826,-0.8096977126148642,-0.33121473145239044,4.375080720388833
-0.48028038136496654,-0.2198287101034767,-0.4723900600411241,0.9667004895688331,-0.0007472089943033611,-0.6255507477145009,-0.3790316812219046
0.04243349366278226,0.10252723685488302,-0.1489751694674109,1.0,-0.002150461297437234,-1.0,2.975200803883976
0.34715707054814104,0.9177028428440905,0.8133395162746004,-0.45056093464627944,-1.0,-1.0,-0.1115508248993119
-0.5229089809243226,-1.0,1.0,-0.5313288475873017,-0.18226911004542967,-1.0,6.248612732724693
-0.6644790072359947,0.60203792482815,0.45535234441742356,-0.24644854686546988,0.8344707120106518,-0.9576607260883729,3.492431623021044
-0.7666250489854289,-0.5334315153860386,-0.758442756772516,-0.7203935969486199,-0.8906290168058002,-1.0,2.133875874738465
0.11444827387703982,1.0,1.0,0.23768443800166272,1.0,-0.20828559095932686,-2.911401400227307
-1.0,-1.0,-1.0,-1.0,-0.8013267782059597,-1.0,4.200030240059443
1.0,0.4532798198675776,-0.002301909855994322,0.0218954397645493,1.0,1.0,0.37020826189505546
-1.0,0.6447234939881283,-0.7329007335856004,-1.0,-0.18009553639372022,-1.0,1.884548495674351
-0.23205930723960244,0.3140298182482142,1.0,0.2575000544902577,1.0,1.0,-0.6236157288855161
-0.3365218484548167,-0.3329847542394788,-0.39770216475606834,-0.49077904477714474,-0.416907936875642,0.4405051571832247,0.21858048954847023
1.0,0.42506951581514674,1.0,1.0,-0.6337484779809996,-1.0,7.1727104866678975
-1.0,0.11260585320649019,-1.0,-1.0,-0.15223794015676145,0.6318596966362252,1.363521194649948
0.4096294352589883,0.06312477498335789,-0.0453244986618149,1.0,1.0,1.0,4.060595400057172
0.8906248442321025,0.3242831152373673,0.2819069286260274,0.6941741595782233,-1.0,-0.8933283566533866,5.866234733208912
-0.21289479063370828,0.7282734418235004,0.1448563255911688,0.18332140398093133,-0.6441859992220604,1.0,3.1281751092218126
-1.0,-0.8482478381392682,-0.4242800204143984,-0.4369272658052226,0.5706170036770852,-0.7228752152323497,2.2542766711137068
-0.341948297304395,0.7924157643565172,-0.18813346385372887,-1.0,1.0,1.0,8.219857826691625
-0.5059991559724994,0.16134346079476453,-1.0,0.1896320027864551,0.8936695327853483,0.18947198741261329,0.848868550691098
0.1158041544251124,-0.2608383539574454,-0.5894256852238888,-0.679620631249082,-1.0,0.7973524864703591,3.672639345216078
-0.7825984159463414,-1.0,0.8677155374043665,-1.0,-1.0,-0.8882920960676661,7.1200371090711085
1.0,0.38377430604796264,1.0,-0.2035917546535454,0.9268411910379345,0.9948292544878601,-5.775698731127141
-0.6524022014664523,0.4169857079459388,1.0,-1.0,-0.012121189848896336,0.7701457850259796,-2.7580302100727474
-0.3417545975519769,-0.17007799392337453,-1.0,-1.0,-1.0,-0.7444446866469707,0.42775818771132906
1.0,-0.6632010290822353,-0.6046588787896673,-0.18765108310815526,1.0,0.2557529604746813,-4.147762502480373
0.0948902842984764,-0.9153868068303972,-0.27982241672670405,-1.0,0.07822135052441792,0.6362967189064537,-1.4241718069209286
-0.3194919664680015,-0.9536201815154883,-1.0,-1.0,1.0,-0.338741893938723,-3.277161124117645
-0.513929820934545,-0.07315952364934264,-0.595829903800656,-0.6835312021267811,-0.6926320696790427,0.051267296955345265,-0.6223694096173675
0.5188482834481138,-0.13151654587737271,0.06161686973837513,-0.2381008680352693,0.007038089469331266,0.3599410254445346,0.8554382862141644
-0.2040986339784544,1.0,0.39715984331287313,0.5095399376249201,-0.0023111143751424756,-0.035092522252371916,-0.8777999979638363
1.0,0.2648566056688004,1.0,1.0,1.0,1.0,-7.2263404016322
1.0,0.07953952488238913,-0.254310144568613,0.3704538973929603,1.0,0.8691522708278635,-0.8796889830751499
-0.3070810906740014,-0.21033823877041705,0.6250656473057661,-1.0,-0.48131265674869383,-0.21363224937318692,0.32979377541986504
0.26650843346982,-0.8243861931451095,0.28608535891829767,-1.0,1.0,1.0,0.6054098762104168
-0.1035147868947337,-1.0,1.0,0.47894735108762826,0.7228611536467924,1.0,1.4871881978337307
1.0,1.0,1.0,0.10530100187838998,-0.03000645554789602,-0.6013283584476694,-0.9118418505275858
0.8381020304713588,-0.4133025548835155,-0.664659387752383,-0.1665308839480596,1.0,0.2909782499099185,-2.6038716932239723
0.07346290960135515,0.86932030080273,1.0,0.0021035005627582093,-0.42618306648062143,-0.003381812830323308,-1.637567334850677
-1.0,-0.253917336104043,-1.0,-0.6373661320628972,0.4537707241140798,-0.22379056448089274,-1.7521981613664352
1.0,1.0,1.0,-0.030410805761391213,-0.43290965391615377,1.0,-1.4730330648704217
-1.0,-0.500424787783134,-1.0,-0.17939714651977978,0.5999194409768918,-0.6197834439165244,0.9265477189431306
-1.0,0.22429314317676496,-0.3237617649247556,-0.20069564328229061,0.181830619807624,-0.48967301911729266,1.2855107483862664
0.6839720368408867,-0.9656816733089876,-0.7300900860553092,-0.4896287320392857,-1.0,0.8060711120958062,5.668044615334611
-0.7764958159190488,0.9698143763016926,1.0,0.3912726188825862,1.0,0.24232600720573583,-3.7285559476038914
0.9193946560720907,1.0,-0.041558992263744376,-0.43565558882297645,0.031661687667747296,0.4667880514063002,2.0792190736477916
-0.3444270916155977,-0.5075625252347185,-1.0,-1.0,-0.4304185547510572,-0.3614985322487988,-0.6937514406452017
0.43537766101682096,0.7379860823433153,0.1386882648750447,0.6700547528835958,0.22801001360205841,-0.05454137351971636,-0.8832716085626909
-0.48012189703292996,-0.6816534302025821,0.8031364615440386,-1.0,1.0,0.42550406808631647,-0.9888730430675674
-0.6206022966667681,-1.0,-0.5065122551511201,-0.1247057893887118,0.11433785836639276,-1.0,3.1655496063130424
-0.1510671792165731,-0.10624818703540473,0.005803002918749578,0.7530851669133959,1.0,-0.5681097018425265,1.279486800995756
0.8282012481288252,-0.11999261881801203,-0.9167311725281554,-1.0,0.19765174207902325,0.299744614745606,-1.8752598169791415
-1.0,0.5804750392634723,-0.341074300101449,-0.8632325319582937,0.4709892742806083,0.11353245090545103,1.1326639400997445
-0.4325641368629167,-0.6090392138455256,-0.17993260475159456,-0.8368733697321681,0.6422309691864886,1.0,1.7139441607622632
1.0,-1.0,0.9993236304092443,-0.24536624959052283,1.0,0.05488256071112341,-1.7971717766053141
1.0,0.5664386598328172,0.8705186184257341,0.19161707216543333,0.6537299223504054,1.0,-3.597751828497742
-1.0,-0.6299087322895219,0.5939408504575291,0.15282050203011643,0.009731962196206922,1.0,-2.417640321962666
-0.5926277329864913,-1.0,-0.1037679431345766,-0.3708442085598995,1.0,1.0,3.76282054278862
-0.6916023447159476,-1.0,-0.09410580905369792,-0.2521195426659326,1.0,0.20659241976847784,1.3364737482179272
-0.39161008256287977,-0.27988600748518366,-1.0,-1.0,-0.11123258012908188,0.5535863139414182,-0.26967245352915126
-0.11719710178668935,0.8101104725935364,0.1347984559955675,-0.8153093673885454,-0.7807961452397718,-1.0,-0.42708467365573755
-0.14858985274440517,-0.6869917624212029,-1.0,-0.88153088242139,-1.0,-0.4103024959118426,2.0276973381522327
-1.0,-1.0,0.7557521477407941,-0.25678210840109217,1.0,0.5880885386214909,1.0420014146946948
-0.0872564134863481,0.5704212835644381,-0.8812638829817578,0.8592604597293015,-0.7380973838223024,-0.054442774612028094,-0.4191144665340918
1.0,0.37261052753992624,1.0,1.0,0.5575712526441974,1.0,-6.930302322835793
1.0,-1.0,-0.16569969808249224,-0.20049716018034225,-0.4381519752269678,-1.0,6.581487080708424
0.5363004622030481,0.9528693750919546,-0.6427698121562481,0.37432121223160686,1.0,-1.0,0.1373112249456226
0.31863048046145404,0.044779142766556285,-0.4058133719799404,-0.7582771521529323,0.9265655270127242,0.8859153318862334,3.2866561762648336
-0.03323068375401553,0.5645539378123557,0.6724059091267061,0.5509408555202873,1.0,1.0,1.8195525280823337
1.0,0.9058600524358631,0.3348195180092949,1.0,-0.05807801210423391,0.5150419904347016,0.33671733933399894
-0.4015767955059673,-1.0,0.629066712211858,-0.1291707780873781,-0.45823415112148924,-0.11342225812071238,0.1595504942376682
1.0,0.23290240580901456,1.0,1.0,1.0,0.0018458725694766587,-5.736091151873033
-0.5292989384490806,0.23606462054964153,1.0,0.3604658346362303,0.09244958899429512,-0.0489707065542459,0.6122195933880483
1.0,1.0,0.9258995605864195,0.2833492181443027,-0.2937650445399207,-0.10347102366803396,-0.9749447078044133
-0.08868425741058483,-0.19660714833704437,0.4508019037003867,-1.0,0.3791856166470411,0.5406957476485275,-0.8613269670326873
-0.2309553165002477,-1.0,-1.0,-1.0,0.42627809205727674,0.06825939359850142,-5.079231695132923
0.34058476253648906,0.27350905028810346,1.0,0.8025855475887826,0.23817060485849167,1.0,-2.337809758557741
0.2389169103134699,1.0,-1.0,-0.8327448960586092,0.40918849492380016,0.06488720685828109,1.9666337331554211
-0.9385745254975615,0.8955630295556526,-0.9707990151151731,0.40648417518274166,0.5253013115668321,0.14552301510578608,2.8594800200256625
1.0,0.0420284881407047,-0.706752189723784,0.8606716379852544,-0.6480079257037299,-1.0,5.7624096323648395
1.0,0.8377625295165714,0.04727078819959853,-0.5604461655938591,0.7479725497135692,1.0,1.5530493993783783
0.18759589996205725,-0.38876595651127865,-0.42508186403914994,-0.7713789026789213,0.28759447979420527,0.4746224243050706,0.18667383938050108
-0.2629707629517217,-1.0,0.7294114399737511,0.367263594620253,0.22103534129107189,1.0,1.1644127293907016
1.0,0.2559533449405057,0.7135973849629101,1.0,0.4611225829148693,-0.900008492625936,0.5622584779516314
-1.0,-1.0,-0.9790113637773499,-0.6275712059550819,-0.15747251808281337,-0.4087078523917037,-3.507768840935254
-0.31327958157824054,0.7050139700895808,0.4066339886090535,0.4653387236049127,0.33371353388370806,0.3918590803567896,-0.3497484412325509
0.8798119822362804,1.0,0.845172202746161,1.0,0.4934982988652965,0.010137185927470371,-4.57058599651981
-0.8780609324384683,-1.0,-0.10469221254896932,-0.4890639398822094,-0.08841642972354669,0.42434695321669413,-1.497320810206236
0.46395014941645296,-1.0,-0.733138273938287,-0.41773376890456326,-0.8661038635804149,-1.0,3.578756418069748
0.4911259653732856,-1.0,-0.06062165187070223,-0.2636703929061853,-0.5694537161694179,-0.7057515709402596,4.241126147683237
0.37483165050452216,1.0,0.007128890018501477,1.0,1.0,1.0,1.7975318410198842
-0.5774226636712941,0.5199868478033504,0.23812840787999684,-0.3519922289117864,-0.4402399319486231,0.032041919072311464,-0.5875712087501727
-0.33293216941474824,-1.0,-0.7954052002416006,-1.0,0.8710066612783111,-1.0,3.633451666623234
0.030251757157257142,0.40617293960219847,0.45119697588810403,1.0,0.06423538086504693,0.8075693097324145,-0.08161540135441253
0.43323775755214455,-0.9235993959538795,-1.0,-0.3292034848890216,-0.32576806606933195,0.4096759881272756,-1.3462857979706662
-1.0,0.15747678489738914,0.6117727679446051,-1.0,1.0,0.747648102314209,2.4857495921590385
-0.9270824623114529,-0.9994818518967514,-0.29355628041655835,-1.0,-0.7131209152899982,-0.08856191951069814,-0.4391375192247239
1.0,0.6827471485848032,1.0,1.0,-0.032733881865641246,-0.5019230782690273,-0.38024342090010155
-0.3345085437431228,-0.023834529935198745,-0.7002959680687422,-1.0,0.06434478246321729,0.5449280914168237,0.7043579349790501
-1.0,-0.9345675801232591,-1.0,-1.0,1.0,1.0,0.1882103790246769
-1.0,-1.0,-0.3239473857263373,0.0849618807814555,-0.7138928524882934,0.6487672281042216,-2.3207185429050625
-0.9708368588569523,-0.50851697692103,-1.0,-0.6092475231389016,0.22184807646921428,-0.08191419231903589,-2.4257753103468476
1.0,0.07458271765187541,1.0,0.4106443640150512,-0.16687605746162648,0.6019155805982508,-0.26020393327134367
-0.37179959487587055,-0.6669651360576663,-1.0,-0.6619589299640054,-0.09023996405562351,0.30637929602669944,-2.1172801773175562
1.0,1.0,0.08900788101503299,1.0,0.35888680172094156,0.4582838775922078,-1.4416194238601243
-0.9132825064896346,0.5595549932903836,-1.0,-1.0,-0.7660455991130997,-0.7020485574040749,-1.040068113916027
-0.38292580154337474,1.0,0.8295961783312198,-0.2408418012670155,0.7827800739276805,0.6127197988081019,-0.8637350727082815
-0.3549157229482437,0.046090543626016944,-0.6099656468497903,-0.791113503477114,-0.8216112690494288,1.0,5.55909200602906
0.37048473331012266,-0.08490288208391683,-0.0075427826517779906,0.35700515823755397,-1.0,-0.9194045234405404,2.979066166279891
-0.39271270566262056,-0.6088882345578173,-1.0,0.6000006789791419,-0.04590655632887519,1.0,6.172154534045986
-0.7515722645957783,0.24777592610274385,0.8732880082528742,-0.725986652699903,-1.0,-0.9311946050445106,-2.021253211124634
1.0,1.0,0.6957560221418091,1.0,1.0,-0.21838154414063,-4.572095385508055
0.6264903716634109,0.49219120556681356,0.40812848902832877,0.6406575480363907,-0.016583907982525625,-0.29893124834271656,0.27293898607830736
-1.0,-0.3592050773449904,-0.4768582154897618,-0.7584630346012846,-0.14599340957920093,0.5575004355176353,-0.5432923204794956
1.0,-0.0810829842440986,1.0,1.0,1.0,1.0,-6.910337756561642
0.3793600815888827,1.0,0.3871492320229968,0.1551547366012318,0.290202609715132,0.17602242188583364,-0.9092894732056662
-0.5043619690996267,-0.34386161127547543,0.31632101489119796,1.0,-0.09467318100088534,-0.06083582913396457,-0.515035183672282
1.0,1.0,1.0,0.13139949486241675,-0.3478958664382692,0.31468755460501996,-2.0703377532346616
-1.0,0.18494536710394627,0.3051936710565041,-0.753991283335036,-1.0,-1.0,-0.808200932632101
1.0,0.29985748759711583,-0.3336411416467052,0.027477645675902496,-1.0,-0.5620127937472772,4.092547098071729
